{
    "annotations": {
      "list": [
        {
          "builtIn": 1,
          "datasource": "-- Grafana --",
          "enable": true,
          "hide": true,
          "iconColor": "rgba(0, 211, 255, 1)",
          "name": "Annotations & Alerts",
          "type": "dashboard"
        }
      ]
    },
    "editable": true,
    "gnetId": null,
    "graphTooltip": 0,
    "id": 6,
    "iteration": 1567096181149,
    "links": [],
    "panels": [
      {
        "collapsed": false,
        "gridPos": {
          "h": 1,
          "w": 24,
          "x": 0,
          "y": 0
        },
        "id": 4,
        "panels": [],
        "repeat": null,
        "title": "CPU Usage Individual",
        "type": "row"
      },
      {
        "aliasColors": {},
        "bars": false,
        "dashLength": 10,
        "dashes": false,
        "datasource": "$datasource",
        "fill": 0,
        "gridPos": {
          "h": 8,
          "w": 12,
          "x": 0,
          "y": 1
        },
        "id": 0,
        "legend": {
          "alignAsTable": true,
          "avg": false,
          "current": true,
          "max": true,
          "min": false,
          "rightSide": true,
          "show": true,
          "sort": "current",
          "sortDesc": true,
          "total": false,
          "values": true
        },
        "lines": true,
        "linewidth": 1,
        "links": [],
        "nullPointMode": "null as zero",
        "percentage": false,
        "pointradius": 5,
        "points": false,
        "renderer": "flot",
        "seriesOverrides": [],
        "spaceLength": 10,
        "stack": false,
        "steppedLine": false,
        "targets": [
          {
            "expr": "sum(namespace_pod_name_container_name:container_cpu_usage_seconds_total:sum_rate{namespace=\"$namespace\", pod_name=~\"$pod\", container_name!=\"POD\"}) by (container_name)",
            "format": "time_series",
            "intervalFactor": 2,
            "legendFormat": "{{container_name}}",
            "legendLink": null,
            "refId": "A",
            "step": 10
          }
        ],
        "thresholds": [],
        "timeFrom": null,
        "timeRegions": [],
        "timeShift": null,
        "title": "CPU Usage",
        "tooltip": {
          "shared": true,
          "sort": 0,
          "value_type": "individual"
        },
        "type": "graph",
        "xaxis": {
          "buckets": null,
          "mode": "time",
          "name": null,
          "show": true,
          "values": []
        },
        "yaxes": [
          {
            "format": "short",
            "label": null,
            "logBase": 1,
            "max": null,
            "min": 0,
            "show": true
          },
          {
            "format": "short",
            "label": null,
            "logBase": 1,
            "max": null,
            "min": null,
            "show": false
          }
        ],
        "yaxis": {
          "align": false,
          "alignLevel": null
        }
      },
      {
        "aliasColors": {},
        "bars": false,
        "columns": [],
        "dashLength": 10,
        "dashes": false,
        "datasource": "$datasource",
        "fill": 1,
        "fontSize": "100%",
        "gridPos": {
          "h": 8,
          "w": 12,
          "x": 12,
          "y": 1
        },
        "id": 1,
        "legend": {
          "avg": false,
          "current": false,
          "max": false,
          "min": false,
          "show": true,
          "total": false,
          "values": false
        },
        "lines": true,
        "linewidth": 1,
        "links": [],
        "nullPointMode": "null as zero",
        "pageSize": null,
        "percentage": false,
        "pointradius": 5,
        "points": false,
        "renderer": "flot",
        "scroll": true,
        "seriesOverrides": [],
        "showHeader": true,
        "sort": {
          "col": 6,
          "desc": true
        },
        "spaceLength": 10,
        "stack": false,
        "steppedLine": false,
        "styles": [
          {
            "alias": "Time",
            "dateFormat": "YYYY-MM-DD HH:mm:ss",
            "pattern": "Time",
            "type": "hidden"
          },
          {
            "alias": "CPU Usage",
            "colorMode": null,
            "colors": [],
            "dateFormat": "YYYY-MM-DD HH:mm:ss",
            "decimals": 2,
            "link": false,
            "linkTooltip": "Drill down",
            "linkUrl": "",
            "pattern": "Value #A",
            "thresholds": [],
            "type": "number",
            "unit": "short"
          },
          {
            "alias": "CPU Requests",
            "colorMode": null,
            "colors": [],
            "dateFormat": "YYYY-MM-DD HH:mm:ss",
            "decimals": 2,
            "link": false,
            "linkTooltip": "Drill down",
            "linkUrl": "",
            "pattern": "Value #B",
            "thresholds": [],
            "type": "number",
            "unit": "short"
          },
          {
            "alias": "CPU Requests %",
            "colorMode": "cell",
            "colors": [
              "#0a437c",
              "#508642",
              "#e5ac0e"
            ],
            "dateFormat": "YYYY-MM-DD HH:mm:ss",
            "decimals": 2,
            "link": false,
            "linkTooltip": "Drill down",
            "linkUrl": "",
            "pattern": "Value #C",
            "thresholds": [
              ".4",
              ".9"
            ],
            "type": "number",
            "unit": "percentunit"
          },
          {
            "alias": "CPU Limits",
            "colorMode": null,
            "colors": [],
            "dateFormat": "YYYY-MM-DD HH:mm:ss",
            "decimals": 2,
            "link": false,
            "linkTooltip": "Drill down",
            "linkUrl": "",
            "pattern": "Value #D",
            "thresholds": [],
            "type": "number",
            "unit": "short"
          },
          {
            "alias": "CPU Limits %",
            "colorMode": "cell",
            "colors": [
              "#0a437c",
              "#508642",
              "#e5ac0e"
            ],
            "dateFormat": "YYYY-MM-DD HH:mm:ss",
            "decimals": 2,
            "link": false,
            "linkTooltip": "Drill down",
            "linkUrl": "",
            "pattern": "Value #E",
            "thresholds": [
              ".4",
              ".9"
            ],
            "type": "number",
            "unit": "percentunit"
          },
          {
            "alias": "Container",
            "colorMode": null,
            "colors": [],
            "dateFormat": "YYYY-MM-DD HH:mm:ss",
            "decimals": 2,
            "link": false,
            "linkTooltip": "Drill down",
            "linkUrl": "",
            "pattern": "container",
            "thresholds": [],
            "type": "number",
            "unit": "short"
          },
          {
            "alias": "",
            "colorMode": null,
            "colors": [],
            "dateFormat": "YYYY-MM-DD HH:mm:ss",
            "decimals": 2,
            "pattern": "/.*/",
            "thresholds": [],
            "type": "string",
            "unit": "short"
          }
        ],
        "targets": [
          {
            "expr": "sum(label_replace(namespace_pod_name_container_name:container_cpu_usage_seconds_total:sum_rate{namespace=\"$namespace\", pod_name=~\"$pod\", container_name!=\"POD\"}, \"container\", \"$1\", \"container_name\", \"(.*)\")) by (container)",
            "format": "table",
            "instant": true,
            "intervalFactor": 2,
            "legendFormat": "",
            "refId": "A",
            "step": 10
          },
          {
            "expr": "sum(kube_pod_container_resource_requests_cpu_cores{namespace=\"$namespace\", pod=~\"$pod\"}) by (container)",
            "format": "table",
            "instant": true,
            "intervalFactor": 2,
            "legendFormat": "",
            "refId": "B",
            "step": 10
          },
          {
            "expr": "sum(label_replace(namespace_pod_name_container_name:container_cpu_usage_seconds_total:sum_rate{namespace=\"$namespace\", pod_name=~\"$pod\"}, \"container\", \"$1\", \"container_name\", \"(.*)\")) by (container) / sum(kube_pod_container_resource_requests_cpu_cores{namespace=\"$namespace\", pod=~\"$pod\"}) by (container)",
            "format": "table",
            "instant": true,
            "intervalFactor": 2,
            "legendFormat": "",
            "refId": "C",
            "step": 10
          },
          {
            "expr": "sum(kube_pod_container_resource_limits_cpu_cores{namespace=\"$namespace\", pod=~\"$pod\"}) by (container)",
            "format": "table",
            "instant": true,
            "intervalFactor": 2,
            "legendFormat": "",
            "refId": "D",
            "step": 10
          },
          {
            "expr": "sum(label_replace(namespace_pod_name_container_name:container_cpu_usage_seconds_total:sum_rate{namespace=\"$namespace\", pod_name=~\"$pod\"}, \"container\", \"$1\", \"container_name\", \"(.*)\")) by (container) / sum(kube_pod_container_resource_limits_cpu_cores{namespace=\"$namespace\", pod=~\"$pod\"}) by (container)",
            "format": "table",
            "instant": true,
            "intervalFactor": 2,
            "legendFormat": "",
            "refId": "E",
            "step": 10
          }
        ],
        "thresholds": [],
        "timeFrom": null,
        "timeShift": null,
        "title": "CPU Quota",
        "tooltip": {
          "shared": true,
          "sort": 0,
          "value_type": "individual"
        },
        "transform": "table",
        "type": "table",
        "xaxis": {
          "buckets": null,
          "mode": "time",
          "name": null,
          "show": true,
          "values": []
        },
        "yaxes": [
          {
            "format": "short",
            "label": null,
            "logBase": 1,
            "max": null,
            "min": 0,
            "show": true
          },
          {
            "format": "short",
            "label": null,
            "logBase": 1,
            "max": null,
            "min": null,
            "show": false
          }
        ]
      },
      {
        "collapsed": false,
        "gridPos": {
          "h": 1,
          "w": 24,
          "x": 0,
          "y": 9
        },
        "id": 5,
        "panels": [],
        "repeat": null,
        "title": "CPU Usage Total",
        "type": "row"
      },
      {
        "aliasColors": {},
        "bars": false,
        "dashLength": 10,
        "dashes": false,
        "datasource": "$datasource",
        "fill": 10,
        "gridPos": {
          "h": 8,
          "w": 12,
          "x": 0,
          "y": 10
        },
        "id": 8,
        "legend": {
          "alignAsTable": true,
          "avg": false,
          "current": true,
          "max": true,
          "min": false,
          "rightSide": true,
          "show": true,
          "sort": "current",
          "sortDesc": true,
          "total": false,
          "values": true
        },
        "lines": true,
        "linewidth": 0,
        "links": [],
        "nullPointMode": "null as zero",
        "percentage": false,
        "pointradius": 5,
        "points": false,
        "renderer": "flot",
        "seriesOverrides": [],
        "spaceLength": 10,
        "stack": true,
        "steppedLine": false,
        "targets": [
          {
            "expr": "sum(namespace_pod_name_container_name:container_cpu_usage_seconds_total:sum_rate{namespace=\"$namespace\", pod_name=~\"$pod\", container_name!=\"POD\"}) by (container_name)",
            "format": "time_series",
            "intervalFactor": 2,
            "legendFormat": "{{container_name}}",
            "legendLink": null,
            "refId": "A",
            "step": 10
          }
        ],
        "thresholds": [],
        "timeFrom": null,
        "timeRegions": [],
        "timeShift": null,
        "title": "CPU Usage",
        "tooltip": {
          "shared": true,
          "sort": 1,
          "value_type": "individual"
        },
        "type": "graph",
        "xaxis": {
          "buckets": null,
          "mode": "time",
          "name": null,
          "show": true,
          "values": []
        },
        "yaxes": [
          {
            "format": "short",
            "label": null,
            "logBase": 1,
            "max": null,
            "min": 0,
            "show": true
          },
          {
            "format": "short",
            "label": null,
            "logBase": 1,
            "max": null,
            "min": null,
            "show": false
          }
        ],
        "yaxis": {
          "align": false,
          "alignLevel": null
        }
      },
      {
        "aliasColors": {},
        "bars": false,
        "dashLength": 10,
        "dashes": false,
        "datasource": "prometheus",
        "fill": 1,
        "gridPos": {
          "h": 8,
          "w": 6,
          "x": 12,
          "y": 10
        },
        "id": 11,
        "legend": {
          "avg": false,
          "current": true,
          "max": false,
          "min": false,
          "show": true,
          "total": false,
          "values": true
        },
        "lines": true,
        "linewidth": 1,
        "links": [],
        "nullPointMode": "null",
        "percentage": false,
        "pointradius": 5,
        "points": false,
        "renderer": "flot",
        "seriesOverrides": [],
        "spaceLength": 10,
        "stack": false,
        "steppedLine": false,
        "targets": [
          {
            "expr": "kube_resourcequota{namespace=\"$namespace\",resource=\"requests.cpu\"} ",
            "format": "time_series",
            "intervalFactor": 1,
            "legendFormat": "{{resource}} - {{type}}",
            "refId": "B"
          }
        ],
        "thresholds": [],
        "timeFrom": null,
        "timeRegions": [],
        "timeShift": null,
        "title": "NS CPU Requests",
        "tooltip": {
          "shared": true,
          "sort": 0,
          "value_type": "individual"
        },
        "type": "graph",
        "xaxis": {
          "buckets": null,
          "mode": "time",
          "name": null,
          "show": true,
          "values": []
        },
        "yaxes": [
          {
            "format": "short",
            "label": null,
            "logBase": 1,
            "max": null,
            "min": null,
            "show": true
          },
          {
            "format": "short",
            "label": null,
            "logBase": 1,
            "max": null,
            "min": null,
            "show": true
          }
        ],
        "yaxis": {
          "align": false,
          "alignLevel": null
        }
      },
      {
        "aliasColors": {},
        "bars": false,
        "dashLength": 10,
        "dashes": false,
        "datasource": "prometheus",
        "fill": 1,
        "gridPos": {
          "h": 8,
          "w": 6,
          "x": 18,
          "y": 10
        },
        "id": 13,
        "legend": {
          "avg": false,
          "current": true,
          "max": false,
          "min": false,
          "show": true,
          "total": false,
          "values": true
        },
        "lines": true,
        "linewidth": 1,
        "links": [],
        "nullPointMode": "null",
        "percentage": false,
        "pointradius": 5,
        "points": false,
        "renderer": "flot",
        "seriesOverrides": [],
        "spaceLength": 10,
        "stack": false,
        "steppedLine": false,
        "targets": [
          {
            "expr": "kube_resourcequota{namespace=\"$namespace\",resource=\"limits.cpu\"}",
            "format": "time_series",
            "hide": false,
            "instant": false,
            "intervalFactor": 1,
            "legendFormat": "{{resource}} - {{type}}",
            "refId": "A"
          }
        ],
        "thresholds": [],
        "timeFrom": null,
        "timeRegions": [],
        "timeShift": null,
        "title": "NS CPU Limits",
        "tooltip": {
          "shared": true,
          "sort": 0,
          "value_type": "individual"
        },
        "type": "graph",
        "xaxis": {
          "buckets": null,
          "mode": "time",
          "name": null,
          "show": true,
          "values": []
        },
        "yaxes": [
          {
            "format": "short",
            "label": null,
            "logBase": 1,
            "max": null,
            "min": null,
            "show": true
          },
          {
            "format": "short",
            "label": null,
            "logBase": 1,
            "max": null,
            "min": null,
            "show": true
          }
        ],
        "yaxis": {
          "align": false,
          "alignLevel": null
        }
      },
      {
        "collapsed": false,
        "gridPos": {
          "h": 1,
          "w": 24,
          "x": 0,
          "y": 18
        },
        "id": 6,
        "panels": [],
        "repeat": null,
        "title": "Memory Usage Individual",
        "type": "row"
      },
      {
        "aliasColors": {},
        "bars": false,
        "dashLength": 10,
        "dashes": false,
        "datasource": "$datasource",
        "fill": 0,
        "gridPos": {
          "h": 7,
          "w": 12,
          "x": 0,
          "y": 19
        },
        "id": 2,
        "legend": {
          "alignAsTable": true,
          "avg": false,
          "current": true,
          "hideEmpty": false,
          "hideZero": false,
          "max": true,
          "min": false,
          "rightSide": true,
          "show": true,
          "sort": "current",
          "sortDesc": true,
          "total": false,
          "values": true
        },
        "lines": true,
        "linewidth": 1,
        "links": [],
        "nullPointMode": "null as zero",
        "percentage": false,
        "pointradius": 5,
        "points": false,
        "renderer": "flot",
        "repeat": null,
        "repeatDirection": "h",
        "seriesOverrides": [],
        "spaceLength": 10,
        "stack": false,
        "steppedLine": false,
        "targets": [
          {
            "expr": "sum(container_memory_usage_bytes{namespace=\"$namespace\", pod_name=~\"$pod\", container_name!=\"POD\", container_name!=\"\"}) by (container_name)",
            "format": "time_series",
            "intervalFactor": 2,
            "legendFormat": "{{container_name}}",
            "legendLink": null,
            "refId": "A",
            "step": 10
          }
        ],
        "thresholds": [],
        "timeFrom": null,
        "timeRegions": [],
        "timeShift": null,
        "title": "Memory Usage",
        "tooltip": {
          "shared": true,
          "sort": 0,
          "value_type": "individual"
        },
        "transparent": false,
        "type": "graph",
        "xaxis": {
          "buckets": null,
          "mode": "time",
          "name": null,
          "show": true,
          "values": []
        },
        "yaxes": [
          {
            "format": "decbytes",
            "label": null,
            "logBase": 1,
            "max": null,
            "min": 0,
            "show": true
          },
          {
            "format": "short",
            "label": null,
            "logBase": 1,
            "max": null,
            "min": null,
            "show": false
          }
        ],
        "yaxis": {
          "align": false,
          "alignLevel": null
        }
      },
      {
        "aliasColors": {},
        "bars": false,
        "columns": [],
        "dashLength": 10,
        "dashes": false,
        "datasource": "$datasource",
        "fill": 1,
        "fontSize": "100%",
        "gridPos": {
          "h": 7,
          "w": 12,
          "x": 12,
          "y": 19
        },
        "id": 3,
        "legend": {
          "avg": false,
          "current": false,
          "max": false,
          "min": false,
          "show": true,
          "total": false,
          "values": false
        },
        "lines": true,
        "linewidth": 1,
        "links": [],
        "nullPointMode": "null as zero",
        "pageSize": null,
        "percentage": false,
        "pointradius": 5,
        "points": false,
        "renderer": "flot",
        "scroll": true,
        "seriesOverrides": [],
        "showHeader": true,
        "sort": {
          "col": 6,
          "desc": true
        },
        "spaceLength": 10,
        "stack": false,
        "steppedLine": false,
        "styles": [
          {
            "alias": "Time",
            "dateFormat": "YYYY-MM-DD HH:mm:ss",
            "pattern": "Time",
            "type": "hidden"
          },
          {
            "alias": "Memory Usage",
            "colorMode": null,
            "colors": [],
            "dateFormat": "YYYY-MM-DD HH:mm:ss",
            "decimals": 2,
            "link": false,
            "linkTooltip": "Drill down",
            "linkUrl": "",
            "pattern": "Value #A",
            "thresholds": [],
            "type": "number",
            "unit": "decbytes"
          },
          {
            "alias": "Memory Requests",
            "colorMode": null,
            "colors": [],
            "dateFormat": "YYYY-MM-DD HH:mm:ss",
            "decimals": 2,
            "link": false,
            "linkTooltip": "Drill down",
            "linkUrl": "",
            "pattern": "Value #B",
            "thresholds": [],
            "type": "number",
            "unit": "decbytes"
          },
          {
            "alias": "Memory Requests %",
            "colorMode": "cell",
            "colors": [
              "#0a437c",
              "#508642",
              "#e5ac0e"
            ],
            "dateFormat": "YYYY-MM-DD HH:mm:ss",
            "decimals": 2,
            "link": false,
            "linkTooltip": "Drill down",
            "linkUrl": "",
            "pattern": "Value #C",
            "thresholds": [
              ".4",
              ".9"
            ],
            "type": "number",
            "unit": "percentunit"
          },
          {
            "alias": "Memory Limits",
            "colorMode": null,
            "colors": [],
            "dateFormat": "YYYY-MM-DD HH:mm:ss",
            "decimals": 2,
            "link": false,
            "linkTooltip": "Drill down",
            "linkUrl": "",
            "pattern": "Value #D",
            "thresholds": [],
            "type": "number",
            "unit": "decbytes"
          },
          {
            "alias": "Memory Limits %",
            "colorMode": "cell",
            "colors": [
              "#0a437c",
              "#508642",
              "#e5ac0e"
            ],
            "dateFormat": "YYYY-MM-DD HH:mm:ss",
            "decimals": 2,
            "link": false,
            "linkTooltip": "Drill down",
            "linkUrl": "",
            "pattern": "Value #E",
            "thresholds": [
              ".4",
              ".90"
            ],
            "type": "number",
            "unit": "percentunit"
          },
          {
            "alias": "Container",
            "colorMode": null,
            "colors": [],
            "dateFormat": "YYYY-MM-DD HH:mm:ss",
            "decimals": 2,
            "link": false,
            "linkTooltip": "Drill down",
            "linkUrl": "",
            "pattern": "container",
            "thresholds": [],
            "type": "number",
            "unit": "short"
          },
          {
            "alias": "",
            "colorMode": null,
            "colors": [],
            "dateFormat": "YYYY-MM-DD HH:mm:ss",
            "decimals": 2,
            "pattern": "/.*/",
            "thresholds": [],
            "type": "string",
            "unit": "short"
          }
        ],
        "targets": [
          {
            "expr": "sum(label_replace(container_memory_usage_bytes{namespace=\"$namespace\", pod_name=~\"$pod\", container_name!=\"POD\", container_name!=\"\"}, \"container\", \"$1\", \"container_name\", \"(.*)\")) by (container)",
            "format": "table",
            "instant": true,
            "intervalFactor": 2,
            "legendFormat": "",
            "refId": "A",
            "step": 10
          },
          {
            "expr": "sum(kube_pod_container_resource_requests_memory_bytes{namespace=\"$namespace\", pod=~\"$pod\"}) by (container)",
            "format": "table",
            "instant": true,
            "intervalFactor": 2,
            "legendFormat": "",
            "refId": "B",
            "step": 10
          },
          {
            "expr": "sum(label_replace(container_memory_usage_bytes{namespace=\"$namespace\", pod_name=~\"$pod\"}, \"container\", \"$1\", \"container_name\", \"(.*)\")) by (container) / sum(kube_pod_container_resource_requests_memory_bytes{namespace=\"$namespace\", pod=~\"$pod\"}) by (container)",
            "format": "table",
            "instant": true,
            "intervalFactor": 2,
            "legendFormat": "",
            "refId": "C",
            "step": 10
          },
          {
            "expr": "sum(kube_pod_container_resource_limits_memory_bytes{namespace=\"$namespace\", pod=~\"$pod\"}) by (container)",
            "format": "table",
            "instant": true,
            "intervalFactor": 2,
            "legendFormat": "",
            "refId": "D",
            "step": 10
          },
          {
            "expr": "sum(label_replace(container_memory_usage_bytes{namespace=\"$namespace\", pod_name=~\"$pod\", container_name!=\"\"}, \"container\", \"$1\", \"container_name\", \"(.*)\")) by (container) / sum(kube_pod_container_resource_limits_memory_bytes{namespace=\"$namespace\", pod=~\"$pod\"}) by (container)",
            "format": "table",
            "instant": true,
            "intervalFactor": 2,
            "legendFormat": "",
            "refId": "E",
            "step": 10
          }
        ],
        "thresholds": [],
        "timeFrom": null,
        "timeShift": null,
        "title": "Memory Quota",
        "tooltip": {
          "shared": true,
          "sort": 0,
          "value_type": "individual"
        },
        "transform": "table",
        "type": "table",
        "xaxis": {
          "buckets": null,
          "mode": "time",
          "name": null,
          "show": true,
          "values": []
        },
        "yaxes": [
          {
            "format": "short",
            "label": null,
            "logBase": 1,
            "max": null,
            "min": 0,
            "show": true
          },
          {
            "format": "short",
            "label": null,
            "logBase": 1,
            "max": null,
            "min": null,
            "show": false
          }
        ]
      },
      {
        "collapsed": false,
        "gridPos": {
          "h": 1,
          "w": 24,
          "x": 0,
          "y": 26
        },
        "id": 7,
        "panels": [],
        "repeat": null,
        "title": "Memory Usage Total",
        "type": "row"
      },
      {
        "aliasColors": {},
        "bars": false,
        "dashLength": 10,
        "dashes": false,
        "datasource": "$datasource",
        "fill": 10,
        "gridPos": {
          "h": 8,
          "w": 12,
          "x": 0,
          "y": 27
        },
        "id": 9,
        "legend": {
          "alignAsTable": true,
          "avg": false,
          "current": true,
          "hideEmpty": false,
          "hideZero": false,
          "max": true,
          "min": false,
          "rightSide": true,
          "show": true,
          "sort": "current",
          "sortDesc": true,
          "total": false,
          "values": true
        },
        "lines": true,
        "linewidth": 0,
        "links": [],
        "nullPointMode": "null as zero",
        "percentage": false,
        "pointradius": 5,
        "points": false,
        "renderer": "flot",
        "repeatDirection": "h",
        "seriesOverrides": [],
        "spaceLength": 10,
        "stack": true,
        "steppedLine": false,
        "targets": [
          {
            "expr": "sum(container_memory_usage_bytes{namespace=\"$namespace\", pod_name=~\"$pod\", container_name!=\"POD\", container_name!=\"\"}) by (container_name)",
            "format": "time_series",
            "intervalFactor": 2,
            "legendFormat": "{{container_name}}",
            "legendLink": null,
            "refId": "A",
            "step": 10
          }
        ],
        "thresholds": [],
        "timeFrom": null,
        "timeRegions": [],
        "timeShift": null,
        "title": "Memory Usage",
        "tooltip": {
          "shared": true,
          "sort": 1,
          "value_type": "individual"
        },
        "transparent": false,
        "type": "graph",
        "xaxis": {
          "buckets": null,
          "mode": "time",
          "name": null,
          "show": true,
          "values": []
        },
        "yaxes": [
          {
            "format": "decbytes",
            "label": null,
            "logBase": 1,
            "max": null,
            "min": 0,
            "show": true
          },
          {
            "format": "short",
            "label": null,
            "logBase": 1,
            "max": null,
            "min": null,
            "show": false
          }
        ],
        "yaxis": {
          "align": false,
          "alignLevel": null
        }
      },
      {
        "aliasColors": {},
        "bars": false,
        "dashLength": 10,
        "dashes": false,
        "datasource": "prometheus",
        "fill": 1,
        "gridPos": {
          "h": 8,
          "w": 6,
          "x": 12,
          "y": 27
        },
        "id": 12,
        "legend": {
          "avg": false,
          "current": true,
          "max": false,
          "min": false,
          "show": true,
          "total": false,
          "values": true
        },
        "lines": true,
        "linewidth": 1,
        "links": [],
        "nullPointMode": "null",
        "percentage": false,
        "pointradius": 5,
        "points": false,
        "renderer": "flot",
        "seriesOverrides": [],
        "spaceLength": 10,
        "stack": false,
        "steppedLine": false,
        "targets": [
          {
            "expr": "kube_resourcequota{namespace=\"$namespace\",resource=\"requests.memory\"} ",
            "format": "time_series",
            "intervalFactor": 1,
            "legendFormat": "{{resource}} - {{type}}",
            "refId": "B"
          }
        ],
        "thresholds": [],
        "timeFrom": null,
        "timeRegions": [],
        "timeShift": null,
        "title": "NS Memory Requests",
        "tooltip": {
          "shared": true,
          "sort": 0,
          "value_type": "individual"
        },
        "type": "graph",
        "xaxis": {
          "buckets": null,
          "mode": "time",
          "name": null,
          "show": true,
          "values": []
        },
        "yaxes": [
          {
            "format": "decbytes",
            "label": null,
            "logBase": 1,
            "max": null,
            "min": null,
            "show": true
          },
          {
            "format": "short",
            "label": null,
            "logBase": 1,
            "max": null,
            "min": null,
            "show": true
          }
        ],
        "yaxis": {
          "align": false,
          "alignLevel": null
        }
      },
      {
        "aliasColors": {},
        "bars": false,
        "dashLength": 10,
        "dashes": false,
        "datasource": "prometheus",
        "fill": 1,
        "gridPos": {
          "h": 8,
          "w": 6,
          "x": 18,
          "y": 27
        },
        "id": 14,
        "legend": {
          "avg": false,
          "current": true,
          "max": false,
          "min": false,
          "show": true,
          "total": false,
          "values": true
        },
        "lines": true,
        "linewidth": 1,
        "links": [],
        "nullPointMode": "null",
        "percentage": false,
        "pointradius": 5,
        "points": false,
        "renderer": "flot",
        "seriesOverrides": [],
        "spaceLength": 10,
        "stack": false,
        "steppedLine": false,
        "targets": [
          {
            "expr": "kube_resourcequota{namespace=\"$namespace\",resource=\"limits.memory\"} ",
            "format": "time_series",
            "intervalFactor": 1,
            "legendFormat": "{{resource}} - {{type}}",
            "refId": "A"
          }
        ],
        "thresholds": [],
        "timeFrom": null,
        "timeRegions": [],
        "timeShift": null,
        "title": "NS Memory Limits",
        "tooltip": {
          "shared": true,
          "sort": 0,
          "value_type": "individual"
        },
        "type": "graph",
        "xaxis": {
          "buckets": null,
          "mode": "time",
          "name": null,
          "show": true,
          "values": []
        },
        "yaxes": [
          {
            "format": "decbytes",
            "label": null,
            "logBase": 1,
            "max": null,
            "min": null,
            "show": true
          },
          {
            "format": "short",
            "label": null,
            "logBase": 1,
            "max": null,
            "min": null,
            "show": true
          }
        ],
        "yaxis": {
          "align": false,
          "alignLevel": null
        }
      }
    ],
    "refresh": "10s",
    "schemaVersion": 16,
    "style": "dark",
    "tags": [],
    "templating": {
      "list": [
        {
          "current": {
            "text": "prometheus",
            "value": "prometheus"
          },
          "hide": 0,
          "label": null,
          "name": "datasource",
          "options": [],
          "query": "prometheus",
          "refresh": 1,
          "regex": "",
          "skipUrlSync": false,
          "type": "datasource"
        },
        {
          "allValue": null,
          "current": {
            "text": "operator-lifecycle-manager",
            "value": "operator-lifecycle-manager"
          },
          "datasource": "$datasource",
          "definition": "label_values(kube_pod_info, namespace)",
          "hide": 0,
          "includeAll": false,
          "label": "namespace",
          "multi": false,
          "name": "namespace",
          "options": [],
          "query": "label_values(kube_pod_info, namespace)",
          "refresh": 1,
          "regex": "",
          "skipUrlSync": false,
          "sort": 2,
          "tagValuesQuery": "",
          "tags": [],
          "tagsQuery": "",
          "type": "query",
          "useTags": false
        },
        {
          "allValue": null,
          "current": {
            "text": "olm-operator-59cd8ff9ff-r9m68",
            "value": "olm-operator-59cd8ff9ff-r9m68"
          },
          "datasource": "$datasource",
          "definition": "",
          "hide": 0,
          "includeAll": true,
          "label": "pod",
          "multi": true,
          "name": "pod",
          "options": [],
          "query": "label_values(kube_pod_info{namespace=\"$namespace\"}, pod)",
          "refresh": 1,
          "regex": "",
          "skipUrlSync": false,
          "sort": 2,
          "tagValuesQuery": "",
          "tags": [],
          "tagsQuery": "",
          "type": "query",
          "useTags": false
        }
      ]
    },
    "time": {
      "from": "now-1h",
      "to": "now"
    },
    "timepicker": {
      "refresh_intervals": [
        "5s",
        "10s",
        "30s",
        "1m",
        "5m",
        "15m",
        "30m",
        "1h",
        "2h",
        "1d"
      ],
      "time_options": [
        "5m",
        "15m",
        "1h",
        "6h",
        "12h",
        "24h",
        "2d",
        "7d",
        "30d"
      ]
    },
    "timezone": "",
    "title": "POD Resources",
    "uid": "BnuikTKZk",
    "version": 15
  }