{
  "dashboard": {
    "annotations": {
      "list": [
	{
	  "builtIn": 1,
	  "datasource": "-- Grafana --",
	  "enable": true,
	  "hide": true,
	  "iconColor": "rgba(0, 211, 255, 1)",
	  "name": "Annotations & Alerts",
	  "type": "dashboard"
	}
      ]
    },
    "overwrite": true,
    "folderId": 0,
    "editable": true,
    "gnetId": null,
    "graphTooltip": 0,
    "iteration": 1559083749123,
    "links": [],
    "panels": [
      {
	"aliasColors": {},
	"bars": false,
	"dashLength": 10,
	"dashes": false,
	"datasource": "PROMETHEUS",
	"fill": 1,
	"gridPos": {
	  "h": 5,
	  "w": 24,
	  "x": 0,
	  "y": 0
	},
	"id": 43,
	"legend": {
	  "avg": false,
	  "current": false,
	  "max": false,
	  "min": false,
	  "show": false,
	  "total": false,
	  "values": false
	},
	"lines": true,
	"linewidth": 1,
	"links": [
	  {
	    "dashUri": "db/bloatdetails",
	    "dashboard": "BloatDetails",
	    "includeVars": true,
	    "title": "BloatDetails",
	    "type": "dashboard"
	  }
	],
	"nullPointMode": "null",
	"percentage": false,
	"pointradius": 5,
	"points": false,
	"renderer": "flot",
	"seriesOverrides": [],
	"spaceLength": 10,
	"stack": false,
	"steppedLine": false,
	"targets": [
	  {
	    "expr": "sum(ccp_bloat_check_total_wasted_space_bytes{pg_cluster=\"[[cluster]]\", instance=~\"[[pod]]\", dbname =~ \"[[dbname]]\", schemaname =~ \"[[schemaname]]\", relname=~\"[[tablename]]\"})/sum(ccp_bloat_check_size_bytes{pg_cluster=\"[[cluster]]\", instance=~\"[[pod]]\", dbname =~ \"[[dbname]]\", schemaname =~ \"[[schemaname]]\", relname=~\"[[tablename]]\"})*100",
	    "format": "time_series",
	    "hide": "[[container_suite]]",
	    "intervalFactor": 1,
	    "refId": "A"
	  }
	],
	"thresholds": [],
	"timeFrom": null,
	"timeRegions": [],
	"timeShift": null,
	"title": "Total Bloat %",
	"tooltip": {
	  "shared": true,
	  "sort": 0,
	  "value_type": "individual"
	},
	"type": "graph",
	"xaxis": {
	  "buckets": null,
	  "mode": "time",
	  "name": null,
	  "show": true,
	  "values": []
	},
	"yaxes": [
	  {
	    "format": "percent",
	    "label": null,
	    "logBase": 1,
	    "max": null,
	    "min": null,
	    "show": true
	  },
	  {
	    "format": "short",
	    "label": null,
	    "logBase": 1,
	    "max": null,
	    "min": null,
	    "show": true
	  }
	],
	"yaxis": {
	  "align": false,
	  "alignLevel": null
	}
      },
      {
	"aliasColors": {},
	"bars": false,
	"dashLength": 10,
	"dashes": false,
	"datasource": "PROMETHEUS",
	"fill": 1,
	"gridPos": {
	  "h": 10,
	  "w": 24,
	  "x": 0,
	  "y": 5
	},
	"id": 2,
	"legend": {
	  "alignAsTable": true,
	  "avg": true,
	  "current": false,
	  "max": true,
	  "min": true,
	  "rightSide": true,
	  "show": true,
	  "total": true,
	  "values": true
	},
	"lines": true,
	"linewidth": 1,
	"links": [],
	"nullPointMode": "null",
	"percentage": false,
	"pointradius": 5,
	"points": false,
	"renderer": "flot",
	"seriesOverrides": [],
	"spaceLength": 10,
	"stack": false,
	"steppedLine": false,
	"targets": [
	  {
	    "expr": "ccp_bloat_check_total_wasted_space_bytes{pg_cluster=\"[[cluster]]\", instance=~\"[[pod]]\", dbname =~ \"[[dbname]]\", schemaname =~ \"[[schemaname]]\", relname=~\"[[tablename]]\"}",
	    "format": "time_series",
	    "intervalFactor": 2,
	    "legendFormat": "{{schemaname}}.{{objectname}}",
	    "refId": "A",
	    "step": 60
	  }
	],
	"thresholds": [],
	"timeFrom": null,
	"timeRegions": [],
	"timeShift": null,
	"title": "Bloat Per Table",
	"tooltip": {
	  "shared": true,
	  "sort": 0,
	  "value_type": "individual"
	},
	"type": "graph",
	"xaxis": {
	  "buckets": null,
	  "mode": "time",
	  "name": null,
	  "show": true,
	  "values": []
	},
	"yaxes": [
	  {
	    "format": "decbytes",
	    "label": null,
	    "logBase": 1,
	    "max": null,
	    "min": null,
	    "show": true
	  },
	  {
	    "format": "short",
	    "label": null,
	    "logBase": 1,
	    "max": null,
	    "min": null,
	    "show": true
	  }
	],
	"yaxis": {
	  "align": false,
	  "alignLevel": null
	}
      },
      {
	"aliasColors": {},
	"bars": false,
	"dashLength": 10,
	"dashes": false,
	"datasource": "PROMETHEUS",
	"fill": 1,
	"gridPos": {
	  "h": 12,
	  "w": 24,
	  "x": 0,
	  "y": 15
	},
	"id": 1,
	"legend": {
	  "alignAsTable": true,
	  "avg": true,
	  "current": false,
	  "max": true,
	  "min": true,
	  "rightSide": true,
	  "show": true,
	  "total": true,
	  "values": true
	},
	"lines": true,
	"linewidth": 1,
	"links": [],
	"nullPointMode": "null",
	"percentage": false,
	"pointradius": 5,
	"points": false,
	"renderer": "flot",
	"seriesOverrides": [],
	"spaceLength": 10,
	"stack": false,
	"steppedLine": false,
	"targets": [
	  {
	    "expr": "ccp_bloat_check_total_wasted_space_bytes{pg_cluster=\"[[cluster]]\", instance=~\"[[pod]]\", dbname =~ \"[[dbname]]\", schemaname =~ \"[[schemaname]]\", relname=~\"[[tablename]]\"} > 10240",
	    "format": "time_series",
	    "intervalFactor": 2,
	    "legendFormat": "{{dbname}}.{{schemaname}}.{{objectname}}",
	    "refId": "A",
	    "step": 60
	  }
	],
	"thresholds": [],
	"timeFrom": null,
	"timeRegions": [],
	"timeShift": null,
	"title": "Top N Bloated Tables > 10kB",
	"tooltip": {
	  "shared": true,
	  "sort": 0,
	  "value_type": "individual"
	},
	"type": "graph",
	"xaxis": {
	  "buckets": null,
	  "mode": "time",
	  "name": null,
	  "show": true,
	  "values": []
	},
	"yaxes": [
	  {
	    "format": "decbytes",
	    "label": null,
	    "logBase": 1,
	    "max": null,
	    "min": null,
	    "show": true
	  },
	  {
	    "format": "short",
	    "label": null,
	    "logBase": 1,
	    "max": null,
	    "min": null,
	    "show": true
	  }
	],
	"yaxis": {
	  "align": false,
	  "alignLevel": null
	}
      }
    ],
    "refresh": "30s",
    "schemaVersion": 16,
    "style": "dark",
    "tags": [],
    "templating": {
      "list": [
	{
	  "allValue": null,
	  "current": {
	    "text": "resizetest",
	    "value": "resizetest"
	  },
	  "datasource": "PROMETHEUS",
	  "definition": "label_values(pg_cluster)",
	  "hide": 0,
	  "includeAll": false,
	  "label": "cluster",
	  "multi": false,
	  "name": "cluster",
	  "options": [],
	  "query": "label_values(pg_cluster)",
	  "refresh": 1,
	  "regex": "",
	  "skipUrlSync": false,
	  "sort": 1,
	  "tagValuesQuery": "",
	  "tags": [],
	  "tagsQuery": "",
	  "type": "query",
	  "useTags": false
	},
	{
	  "allValue": ".*",
	  "current": {
	    "text": "resizetest-579d4bddc7-m8mkn",
	    "value": "resizetest-579d4bddc7-m8mkn"
	  },
	  "datasource": "PROMETHEUS",
	  "definition": "label_values({pg_cluster=\"[[cluster]]\"},instance)",
	  "hide": 0,
	  "includeAll": true,
	  "label": "pod",
	  "multi": false,
	  "name": "pod",
	  "options": [],
	  "query": "label_values({pg_cluster=\"[[cluster]]\"},instance)",
	  "refresh": 1,
	  "regex": "",
	  "skipUrlSync": false,
	  "sort": 1,
	  "tagValuesQuery": "",
	  "tags": [],
	  "tagsQuery": "",
	  "type": "query",
	  "useTags": false
	},
	{
	  "allValue": ".*",
	  "current": {
	    "text": "postgres",
	    "value": "postgres"
	  },
	  "datasource": "PROMETHEUS",
	  "definition": "label_values(ccp_database_size_bytes{pg_cluster=\"[[cluster]]\", instance=\"[[pod]]\"},dbname)",
	  "hide": 0,
	  "includeAll": true,
	  "label": "dbname",
	  "multi": false,
	  "name": "dbname",
	  "options": [],
	  "query": "label_values(ccp_database_size_bytes{pg_cluster=\"[[cluster]]\", instance=\"[[pod]]\"},dbname)",
	  "refresh": 1,
	  "regex": "",
	  "skipUrlSync": false,
	  "sort": 1,
	  "tagValuesQuery": "",
	  "tags": [],
	  "tagsQuery": "",
	  "type": "query",
	  "useTags": false
	},
	{
	  "allValue": ".*",
	  "current": {
	    "text": "public",
	    "value": "public"
	  },
	  "datasource": "PROMETHEUS",
	  "definition": "label_values(ccp_stat_user_tables_n_tup_ins{pg_cluster=\"[[cluster]]\",dbname=\"[[dbname]]\"},schemaname)",
	  "hide": 0,
	  "includeAll": true,
	  "label": "schemaname",
	  "multi": false,
	  "name": "schemaname",
	  "options": [],
	  "query": "label_values(ccp_stat_user_tables_n_tup_ins{pg_cluster=\"[[cluster]]\",dbname=\"[[dbname]]\"},schemaname)",
	  "refresh": 1,
	  "regex": "",
	  "skipUrlSync": false,
	  "sort": 1,
	  "tagValuesQuery": "",
	  "tags": [],
	  "tagsQuery": "",
	  "type": "query",
	  "useTags": false
	},
	{
	  "allValue": ".*",
	  "current": {
	    "text": "All",
	    "value": "$__all"
	  },
	  "datasource": "PROMETHEUS",
	  "definition": "label_values(ccp_stat_user_tables_n_tup_ins{pg_cluster=\"[[cluster]]\",instance=\"[[pod]]\",dbname=\"[[dbname]]\",schemaname=\"[[schemaname]]\"},relname)",
	  "hide": 0,
	  "includeAll": true,
	  "label": "tablename",
	  "multi": false,
	  "name": "tablename",
	  "options": [],
	  "query": "",
	  "refresh": 1,
	  "regex": "",
	  "skipUrlSync": false,
	  "sort": 0,
	  "tagValuesQuery": "",
	  "tags": [],
	  "tagsQuery": "",
	  "type": "query",
	  "useTags": false
	}
      ]
    },
    "time": {
      "from": "now-2d",
      "to": "now"
    },
    "timepicker": {
      "refresh_intervals": [
	"5s",
	"10s",
	"30s",
	"1m",
	"5m",
	"15m",
	"30m",
	"1h",
	"2h",
	"1d"
      ],
      "time_options": [
	"5m",
	"15m",
	"1h",
	"6h",
	"12h",
	"24h",
	"2d",
	"7d",
	"30d"
      ]
    },
    "timezone": "browser",
    "title": "BloatDetails",
    "uid": "bloatdetails",
    "version": 5
  }
}
