{
  "dashboard": {
    "annotations": {
      "list": [
	{
	  "builtIn": 1,
	  "datasource": "-- Grafana --",
	  "enable": true,
	  "hide": true,
	  "iconColor": "rgba(0, 211, 255, 1)",
	  "name": "Annotations & Alerts",
	  "type": "dashboard"
	}
      ]
    },
    "overwrite": true,
    "folderId": 0,
    "editable": true,
    "gnetId": null,
    "graphTooltip": 0,
    "iteration": 1555134244785,
    "links": [
      {
	"icon": "external link",
	"includeVars": true,
	"tags": [],
	"type": "dashboards"
      }
    ],
    "panels": [
      {
	"aliasColors": {},
	"bars": false,
	"dashLength": 10,
	"dashes": false,
	"datasource": "PROMETHEUS",
	"fill": 1,
	"gridPos": {
	  "h": 12,
	  "w": 24,
	  "x": 0,
	  "y": 0
	},
	"height": "480",
	"id": 1,
	"legend": {
	  "avg": false,
	  "current": false,
	  "max": false,
	  "min": false,
	  "show": true,
	  "total": false,
	  "values": false
	},
	"lines": true,
	"linewidth": 1,
	"links": [],
	"minSpan": 10,
	"nullPointMode": "null",
	"percentage": false,
	"pointradius": 5,
	"points": false,
	"renderer": "flot",
	"repeat": null,
	"seriesOverrides": [],
	"spaceLength": 10,
	"stack": false,
	"steppedLine": false,
	"targets": [
	  {
	    "expr": "sum(rate(ccp_stat_user_tables_n_tup_ins{pg_cluster=\"[[cluster]]\", instance=~\"[[pod]]\", dbname =~ \"[[dbname]]\", schemaname =~ \"[[schemaname]]\", relname=~\"[[tablename]]\"}[60s]))",
	    "format": "time_series",
	    "intervalFactor": 2,
	    "legendFormat": "inserts - [[dbname]].[[schemaname]].[[tablename]]",
	    "refId": "A",
	    "step": 60
	  },
	  {
	    "expr": "sum(rate(ccp_stat_user_tables_n_tup_upd{pg_cluster=\"[[cluster]]\", instance=~\"[[pod]]\", dbname =~ \"[[dbname]]\", schemaname =~ \"[[schemaname]]\", relname=~\"[[tablename]]\"}[60s]))",
	    "format": "time_series",
	    "intervalFactor": 2,
	    "legendFormat": "Updates - [[dbname]].[[schemaname]].[[tablename]]",
	    "refId": "B",
	    "step": 60
	  },
	  {
	    "expr": "sum(rate(ccp_stat_user_tables_n_tup_del{pg_cluster=\"[[cluster]]\", instance=~\"[[pod]]\", dbname =~ \"[[dbname]]\", schemaname =~ \"[[schemaname]]\", relname=~\"[[tablename]]\"}[60s]))",
	    "format": "time_series",
	    "intervalFactor": 2,
	    "legendFormat": "Deletes - [[dbname]].[[schemaname]].[[tablename]]",
	    "refId": "C",
	    "step": 60
	  }
	],
	"thresholds": [],
	"timeFrom": null,
	"timeRegions": [],
	"timeShift": null,
	"title": "CRUD",
	"tooltip": {
	  "shared": true,
	  "sort": 0,
	  "value_type": "individual"
	},
	"type": "graph",
	"xaxis": {
	  "buckets": null,
	  "mode": "time",
	  "name": null,
	  "show": true,
	  "values": []
	},
	"yaxes": [
	  {
	    "format": "short",
	    "label": null,
	    "logBase": 1,
	    "max": null,
	    "min": null,
	    "show": true
	  },
	  {
	    "format": "short",
	    "label": null,
	    "logBase": 1,
	    "max": null,
	    "min": null,
	    "show": true
	  }
	],
	"yaxis": {
	  "align": false,
	  "alignLevel": null
	}
      }
    ],
    "refresh": "30s",
    "schemaVersion": 16,
    "style": "dark",
    "tags": [],
    "templating": {
      "list": [
	{
	  "allValue": null,
	  "current": {
	    "selected": true,
	    "text": "metrics-1",
	    "value": "metrics-1"
	  },
	  "datasource": "PROMETHEUS",
	  "definition": "",
	  "hide": 0,
	  "includeAll": false,
	  "label": null,
	  "multi": false,
	  "name": "cluster",
	  "options": [],
	  "query": "label_values(pg_cluster)",
	  "refresh": 1,
	  "regex": "",
	  "skipUrlSync": false,
	  "sort": 1,
	  "tagValuesQuery": "",
	  "tags": [],
	  "tagsQuery": "",
	  "type": "query",
	  "useTags": false
	},
	{
	  "allValue": ".*",
	  "current": {
	    "selected": true,
	    "text": "All",
	    "value": "$__all"
	  },
	  "datasource": "PROMETHEUS",
	  "definition": "",
	  "hide": 0,
	  "includeAll": true,
	  "label": "pod",
	  "multi": true,
	  "name": "pod",
	  "options": [],
	  "query": "label_values({pg_cluster=\"[[cluster]]\"},instance)",
	  "refresh": 1,
	  "regex": "",
	  "skipUrlSync": false,
	  "sort": 1,
	  "tagValuesQuery": "",
	  "tags": [],
	  "tagsQuery": "",
	  "type": "query",
	  "useTags": false
	},
	{
	  "allValue": ".*",
	  "current": {
	    "text": "All",
	    "value": "$__all"
	  },
	  "datasource": "PROMETHEUS",
	  "definition": "label_values(ccp_database_size_bytes{pg_cluster=\"[[cluster]]\", instance=\"[[pod]]\"},dbname)",
	  "hide": 0,
	  "includeAll": true,
	  "label": "dbname",
	  "multi": true,
	  "name": "dbname",
	  "options": [],
	  "query": "label_values(ccp_database_size_bytes{pg_cluster=\"[[cluster]]\", instance=\"[[pod]]\"},dbname)",
	  "refresh": 1,
	  "regex": "",
	  "skipUrlSync": false,
	  "sort": 1,
	  "tagValuesQuery": "",
	  "tags": [],
	  "tagsQuery": "",
	  "type": "query",
	  "useTags": false
	},
	{
	  "allValue": ".*",
	  "current": {
	    "text": "All",
	    "value": "$__all"
	  },
	  "datasource": "PROMETHEUS",
	  "definition": "",
	  "hide": 0,
	  "includeAll": true,
	  "label": "schemaname",
	  "multi": true,
	  "name": "schemaname",
	  "options": [],
	  "query": "label_values(ccp_stat_user_tables_n_tup_ins{pg_cluster=\"[[cluster]]\",dbname=\"[[dbname]]\"},schemaname)",
	  "refresh": 1,
	  "regex": "",
	  "skipUrlSync": false,
	  "sort": 1,
	  "tagValuesQuery": "",
	  "tags": [],
	  "tagsQuery": "",
	  "type": "query",
	  "useTags": false
	},
	{
	  "allValue": ".*",
	  "current": {
	    "text": "All",
	    "value": "$__all"
	  },
	  "datasource": "PROMETHEUS",
	  "definition": "",
	  "hide": 0,
	  "includeAll": true,
	  "label": null,
	  "multi": true,
	  "name": "tablename",
	  "options": [],
	  "query": "label_values(ccp_stat_user_tables_n_tup_ins{pg_cluster=\"[[cluster]]\",instance=\"[[pod]]\",dbname=\"[[dbname]]\",schemaname=\"[[schemaname]]\"},relname)",
	  "refresh": 1,
	  "regex": "",
	  "skipUrlSync": false,
	  "sort": 1,
	  "tagValuesQuery": "",
	  "tags": [],
	  "tagsQuery": "",
	  "type": "query",
	  "useTags": false
	}
      ]
    },
    "time": {
      "from": "now-1h",
      "to": "now"
    },
    "timepicker": {
      "refresh_intervals": [
	"5s",
	"10s",
	"30s",
	"1m",
	"5m",
	"15m",
	"30m",
	"1h",
	"2h",
	"1d"
      ],
      "time_options": [
	"5m",
	"15m",
	"1h",
	"6h",
	"12h",
	"24h",
	"2d",
	"7d",
	"30d"
      ]
    },
    "timezone": "browser",
    "title": "CRUD_Details",
    "uid": "cruddetails",
    "Name": "CRUD_Details"
  }
}
