{
  "dashboard": {
    "annotations": {
      "list": [
	{
	  "builtIn": 1,
	  "datasource": "-- Grafana --",
	  "enable": true,
	  "hide": true,
	  "iconColor": "rgba(0, 211, 255, 1)",
	  "name": "Annotations & Alerts",
	  "type": "dashboard"
	}
      ]
    },
    "overwrite": true,
    "folderId": 0,
    "editable": true,
    "gnetId": null,
    "graphTooltip": 0,
    "iteration": 1555134212178,
    "links": [
      {
	"icon": "external link",
	"includeVars": true,
	"tags": [],
	"type": "dashboards"
      }
    ],
    "panels": [
      {
	"aliasColors": {},
	"bars": false,
	"dashLength": 10,
	"dashes": false,
	"datasource": "PROMETHEUS",
	"fill": 0,
	"gridPos": {
	  "h": 7,
	  "w": 12,
	  "x": 0,
	  "y": 0
	},
	"height": "250px",
	"id": 2,
	"legend": {
	  "avg": false,
	  "current": false,
	  "max": false,
	  "min": false,
	  "show": true,
	  "total": false,
	  "values": false
	},
	"lines": true,
	"linewidth": 2,
	"links": [],
	"minSpan": 12,
	"nullPointMode": "null",
	"percentage": false,
	"pointradius": 5,
	"points": false,
	"renderer": "flot",
	"seriesOverrides": [],
	"spaceLength": 10,
	"stack": false,
	"steppedLine": false,
	"targets": [
	  {
	    "expr": "100-(100*(node_filesystem_free_bytes{pg_cluster=\"[[cluster]]\", fstype!~\".*tmpfs.*|.*root.*|.*pipe.*\"} / node_filesystem_size_bytes{pg_cluster=\"[[cluster]]\", fstype!~\".*tmpfs.*|.*root.*|.*pipe.*\"}))",
	    "format": "time_series",
	    "intervalFactor": 2,
	    "legendFormat": "{{mountpoint}}",
	    "refId": "A"
	  },
	  {
	    "expr": "100-(100*(node_filesystem_free{pg_cluster=\"[[cluster]]\", fstype!~\".*tmpfs.*|.*root.*|.*pipe.*\"} / node_filesystem_size{pg_cluster=\"[[cluster]]\", fstype!~\".*tmpfs.*|.*root.*|.*pipe.*\"}))",
	    "format": "time_series",
	    "intervalFactor": 2,
	    "legendFormat": "{{mountpoint}}",
	    "refId": "B"
	  }
	],
	"thresholds": [],
	"timeFrom": null,
	"timeRegions": [],
	"timeShift": null,
	"title": "Filesystem Usage %",
	"tooltip": {
	  "shared": false,
	  "sort": 0,
	  "value_type": "individual"
	},
	"type": "graph",
	"xaxis": {
	  "buckets": null,
	  "mode": "time",
	  "name": null,
	  "show": true,
	  "values": []
	},
	"yaxes": [
	  {
	    "format": "short",
	    "label": null,
	    "logBase": 1,
	    "max": null,
	    "min": null,
	    "show": true
	  },
	  {
	    "format": "short",
	    "label": null,
	    "logBase": 1,
	    "max": null,
	    "min": null,
	    "show": true
	  }
	],
	"yaxis": {
	  "align": false,
	  "alignLevel": null
	}
      },
      {
	"aliasColors": {},
	"bars": false,
	"dashLength": 10,
	"dashes": false,
	"datasource": "PROMETHEUS",
	"fill": 1,
	"gridPos": {
	  "h": 7,
	  "w": 12,
	  "x": 12,
	  "y": 0
	},
	"height": "250px",
	"id": 1,
	"legend": {
	  "alignAsTable": true,
	  "avg": false,
	  "current": false,
	  "max": false,
	  "min": false,
	  "rightSide": true,
	  "show": true,
	  "total": false,
	  "values": false
	},
	"lines": true,
	"linewidth": 1,
	"links": [],
	"minSpan": 12,
	"nullPointMode": "null",
	"percentage": false,
	"pointradius": 5,
	"points": false,
	"renderer": "flot",
	"seriesOverrides": [
	  {
	    "alias": "/.*_read$/",
	    "transform": "negative-Y"
	  }
	],
	"spaceLength": 10,
	"stack": false,
	"steppedLine": false,
	"targets": [
	  {
	    "expr": "sum(irate(node_disk_reads_completed_total{pg_cluster=~\"[[cluster]]\",instance=~\"[[pod]]\"}[1m]))",
	    "format": "time_series",
	    "intervalFactor": 4,
	    "legendFormat": "disk_reads",
	    "refId": "C"
	  },
	  {
	    "expr": "sum(irate(node_disk_writes_completed_total{pg_cluster=~\"[[cluster]]\",instance=~\"[[pod]]\"}[1m]))",
	    "format": "time_series",
	    "intervalFactor": 4,
	    "legendFormat": "disk_writes",
	    "refId": "D"
	  }
	],
	"thresholds": [],
	"timeFrom": null,
	"timeRegions": [],
	"timeShift": null,
	"title": "Disk IO [1m]",
	"tooltip": {
	  "shared": true,
	  "sort": 0,
	  "value_type": "individual"
	},
	"type": "graph",
	"xaxis": {
	  "buckets": null,
	  "mode": "time",
	  "name": null,
	  "show": true,
	  "values": []
	},
	"yaxes": [
	  {
	    "format": "short",
	    "label": "Disk I/O",
	    "logBase": 1,
	    "max": null,
	    "min": null,
	    "show": true
	  },
	  {
	    "format": "short",
	    "label": "",
	    "logBase": 1,
	    "max": null,
	    "min": null,
	    "show": false
	  }
	],
	"yaxis": {
	  "align": false,
	  "alignLevel": null
	}
      },
      {
	"aliasColors": {},
	"bars": false,
	"dashLength": 10,
	"dashes": false,
	"fill": 1,
	"gridPos": {
	  "h": 7,
	  "w": 12,
	  "x": 0,
	  "y": 7
	},
	"id": 6,
	"legend": {
	  "avg": false,
	  "current": false,
	  "max": false,
	  "min": false,
	  "show": true,
	  "total": false,
	  "values": false
	},
	"lines": true,
	"linewidth": 1,
	"links": [],
	"nullPointMode": "null",
	"percentage": false,
	"pointradius": 5,
	"points": false,
	"renderer": "flot",
	"seriesOverrides": [],
	"spaceLength": 10,
	"stack": false,
	"steppedLine": false,
	"targets": [
	  {
	    "expr": "sum(irate(node_disk_io_time_seconds_total{pg_cluster=\"[[cluster]]\",instance=~\"[[pod]]\"}[1m]))",
	    "format": "time_series",
	    "intervalFactor": 1,
	    "legendFormat": "Disk I/O Latency",
	    "refId": "A"
	  }
	],
	"thresholds": [],
	"timeFrom": null,
	"timeRegions": [],
	"timeShift": null,
	"title": "IO Latency in Seconds  [1m]",
	"tooltip": {
	  "shared": true,
	  "sort": 0,
	  "value_type": "individual"
	},
	"type": "graph",
	"xaxis": {
	  "buckets": null,
	  "mode": "time",
	  "name": null,
	  "show": true,
	  "values": []
	},
	"yaxes": [
	  {
	    "format": "s",
	    "label": null,
	    "logBase": 1,
	    "max": null,
	    "min": null,
	    "show": true
	  },
	  {
	    "format": "short",
	    "label": null,
	    "logBase": 1,
	    "max": null,
	    "min": null,
	    "show": true
	  }
	],
	"yaxis": {
	  "align": false,
	  "alignLevel": null
	}
      },
      {
	"aliasColors": {},
	"bars": false,
	"dashLength": 10,
	"dashes": false,
	"datasource": "PROMETHEUS",
	"fill": 1,
	"gridPos": {
	  "h": 7,
	  "w": 12,
	  "x": 12,
	  "y": 7
	},
	"id": 4,
	"legend": {
	  "avg": false,
	  "current": false,
	  "max": false,
	  "min": false,
	  "show": true,
	  "total": false,
	  "values": false
	},
	"lines": true,
	"linewidth": 1,
	"links": [],
	"nullPointMode": "null",
	"percentage": false,
	"pointradius": 5,
	"points": false,
	"renderer": "flot",
	"seriesOverrides": [
	  {
	    "alias": "/.*_read/",
	    "transform": "negative-Y"
	  }
	],
	"spaceLength": 10,
	"stack": false,
	"steppedLine": false,
	"targets": [
	  {
	    "expr": "sum(irate(node_disk_read_bytes_total{pg_cluster=\"[[cluster]]\",instance=~\"[[pod]]\"}[1m]))",
	    "format": "time_series",
	    "hide": false,
	    "intervalFactor": 2,
	    "legendFormat": "read_bytes",
	    "refId": "A"
	  },
	  {
	    "expr": "sum(irate(node_disk_written_bytes_total{pg_cluster=\"[[cluster]]\",instance=~\"[[pod]]\"}[1m]))",
	    "format": "time_series",
	    "hide": false,
	    "intervalFactor": 2,
	    "legendFormat": "write_bytes",
	    "refId": "B"
	  }
	],
	"thresholds": [],
	"timeFrom": null,
	"timeRegions": [],
	"timeShift": null,
	"title": "Disk Throughput [1m]",
	"tooltip": {
	  "shared": true,
	  "sort": 0,
	  "value_type": "individual"
	},
	"type": "graph",
	"xaxis": {
	  "buckets": null,
	  "mode": "time",
	  "name": null,
	  "show": true,
	  "values": []
	},
	"yaxes": [
	  {
	    "format": "bytes",
	    "label": "Read/Write Per Min",
	    "logBase": 1,
	    "max": null,
	    "min": null,
	    "show": true
	  },
	  {
	    "format": "short",
	    "label": null,
	    "logBase": 1,
	    "max": null,
	    "min": null,
	    "show": true
	  }
	],
	"yaxis": {
	  "align": false,
	  "alignLevel": null
	}
      }
    ],
    "refresh": "30s",
    "schemaVersion": 16,
    "style": "dark",
    "tags": [],
    "templating": {
      "list": [
	{
	  "allValue": null,
	  "current": {
	    "text": "metrics-1",
	    "value": "metrics-1"
	  },
	  "datasource": "PROMETHEUS",
	  "definition": "",
	  "hide": 0,
	  "includeAll": false,
	  "label": "cluster",
	  "multi": false,
	  "name": "cluster",
	  "options": [],
	  "query": "label_values(pg_cluster)",
	  "refresh": 1,
	  "regex": "",
	  "skipUrlSync": false,
	  "sort": 1,
	  "tagValuesQuery": "",
	  "tags": [],
	  "tagsQuery": "",
	  "type": "query",
	  "useTags": false
	},
	{
	  "allValue": ".*",
	  "current": {
	    "text": "metrics-1-6458768d-2zz9q",
	    "value": "metrics-1-6458768d-2zz9q"
	  },
	  "datasource": "PROMETHEUS",
	  "definition": "",
	  "hide": 0,
	  "includeAll": false,
	  "label": "pod",
	  "multi": false,
	  "name": "pod",
	  "options": [],
	  "query": "label_values({pg_cluster=\"[[cluster]]\"},instance)",
	  "refresh": 1,
	  "regex": "",
	  "skipUrlSync": false,
	  "sort": 1,
	  "tagValuesQuery": "",
	  "tags": [],
	  "tagsQuery": "",
	  "type": "query",
	  "useTags": false
	}
      ]
    },
    "time": {
      "from": "now-24h",
      "to": "now"
    },
    "timepicker": {
      "refresh_intervals": [
	"5s",
	"10s",
	"30s",
	"1m",
	"5m",
	"15m",
	"30m",
	"1h",
	"2h",
	"1d"
      ],
      "time_options": [
	"5m",
	"15m",
	"1h",
	"6h",
	"12h",
	"24h",
	"2d",
	"7d",
	"30d"
      ]
    },
    "timezone": "browser",
    "title": "FilesystemDetails",
    "uid": "filesystemdetails",
    "Name": "filesystemdetails"
  }
}
