{
  "dashboard": {
    "annotations": {
      "list": [
	{
	  "builtIn": 1,
	  "datasource": "-- Grafana --",
	  "enable": true,
	  "hide": true,
	  "iconColor": "rgba(0, 211, 255, 1)",
	  "name": "Annotations & Alerts",
	  "type": "dashboard"
	}
      ]
    },
    "editable": true,
    "gnetId": null,
    "graphTooltip": 0,
    "iteration": 1555134236292,
    "links": [
      {
	"icon": "external link",
	"includeVars": true,
	"tags": [],
	"type": "dashboards"
      }
    ],
    "panels": [
      {
	"aliasColors": {},
	"bars": false,
	"dashLength": 10,
	"dashes": false,
	"datasource": "PROMETHEUS",
	"fill": 6,
	"gridPos": {
	  "h": 10,
	  "w": 12,
	  "x": 0,
	  "y": 0
	},
	"id": 4,
	"legend": {
	  "alignAsTable": false,
	  "avg": false,
	  "current": false,
	  "max": false,
	  "min": false,
	  "rightSide": true,
	  "show": true,
	  "total": false,
	  "values": false
	},
	"lines": true,
	"linewidth": 1,
	"links": [],
	"nullPointMode": "null as zero",
	"percentage": false,
	"pointradius": 5,
	"points": false,
	"renderer": "flot",
	"seriesOverrides": [],
	"spaceLength": 10,
	"stack": false,
	"steppedLine": false,
	"targets": [
	  {
	    "expr": "avg by (mode)(irate(node_cpu_seconds_total{mode=\"user\", pg_cluster=\"[[cluster]]\", instance=\"[[pod]]\"}[$__interval])*100)",
	    "format": "time_series",
	    "intervalFactor": 2,
	    "legendFormat": "{{mode}}",
	    "refId": "B"
	  },
	  {
	    "expr": "avg by (mode)(irate(node_cpu_seconds_total{mode=\"iowait\", pg_cluster=~\"[[cluster]]\", instance=\"[[pod]]\"}[$__interval])*100)",
	    "format": "time_series",
	    "intervalFactor": 2,
	    "legendFormat": "{{mode}}",
	    "refId": "C"
	  },
	  {
	    "expr": "avg by (mode)(irate(node_cpu_seconds_total{mode=\"idle\", pg_cluster=\"[[cluster]]\", instance=\"[[pod]]\"}[$__interval])*100)",
	    "format": "time_series",
	    "intervalFactor": 2,
	    "legendFormat": "{{mode}}",
	    "refId": "D"
	  },
	  {
	    "expr": "avg by (mode)(irate(node_cpu_seconds_total{mode=\"system\", pg_cluster=\"[[cluster]]\", instance=\"[[pod]]\"}[$__interval])*100)",
	    "format": "time_series",
	    "intervalFactor": 2,
	    "legendFormat": "{{mode}}",
	    "refId": "E"
	  }
	],
	"thresholds": [],
	"timeFrom": null,
	"timeRegions": [],
	"timeShift": null,
	"title": "CPU Usage",
	"tooltip": {
	  "shared": true,
	  "sort": 0,
	  "value_type": "individual"
	},
	"type": "graph",
	"xaxis": {
	  "buckets": null,
	  "mode": "time",
	  "name": null,
	  "show": true,
	  "values": []
	},
	"yaxes": [
	  {
	    "format": "short",
	    "label": null,
	    "logBase": 1,
	    "max": "100",
	    "min": "0",
	    "show": true
	  },
	  {
	    "format": "short",
	    "label": null,
	    "logBase": 1,
	    "max": null,
	    "min": null,
	    "show": true
	  }
	],
	"yaxis": {
	  "align": false,
	  "alignLevel": null
	}
      },
      {
	"aliasColors": {},
	"bars": false,
	"dashLength": 10,
	"dashes": false,
	"datasource": "PROMETHEUS",
	"fill": 1,
	"gridPos": {
	  "h": 10,
	  "w": 12,
	  "x": 12,
	  "y": 0
	},
	"id": 2,
	"legend": {
	  "avg": false,
	  "current": false,
	  "max": false,
	  "min": false,
	  "show": true,
	  "total": false,
	  "values": false
	},
	"lines": true,
	"linewidth": 1,
	"links": [],
	"nullPointMode": "null",
	"percentage": false,
	"pointradius": 5,
	"points": false,
	"renderer": "flot",
	"seriesOverrides": [],
	"spaceLength": 10,
	"stack": false,
	"steppedLine": false,
	"targets": [
	  {
	    "expr": "node_load1{pg_cluster=\"[[cluster]]\",instance=\"[[pod]]\"}",
	    "format": "time_series",
	    "intervalFactor": 1,
	    "legendFormat": "1m",
	    "refId": "A"
	  },
	  {
	    "expr": "node_load5{pg_cluster=\"[[cluster]]\", instance=\"[[pod]]\"}",
	    "format": "time_series",
	    "intervalFactor": 1,
	    "legendFormat": "5m",
	    "refId": "B"
	  },
	  {
	    "expr": "node_load15{pg_cluster=\"[[cluster]]\", instance=\"[[pod]]\"}",
	    "format": "time_series",
	    "intervalFactor": 1,
	    "legendFormat": "15m",
	    "refId": "C"
	  }
	],
	"thresholds": [],
	"timeFrom": null,
	"timeRegions": [],
	"timeShift": null,
	"title": "System Load",
	"tooltip": {
	  "shared": true,
	  "sort": 0,
	  "value_type": "individual"
	},
	"type": "graph",
	"xaxis": {
	  "buckets": null,
	  "mode": "time",
	  "name": null,
	  "show": true,
	  "values": []
	},
	"yaxes": [
	  {
	    "format": "short",
	    "label": null,
	    "logBase": 1,
	    "max": null,
	    "min": null,
	    "show": true
	  },
	  {
	    "format": "short",
	    "label": null,
	    "logBase": 1,
	    "max": null,
	    "min": null,
	    "show": true
	  }
	],
	"yaxis": {
	  "align": false,
	  "alignLevel": null
	}
      },
      {
	"aliasColors": {},
	"bars": false,
	"dashLength": 10,
	"dashes": false,
	"datasource": "PROMETHEUS",
	"fill": 1,
	"gridPos": {
	  "h": 9,
	  "w": 8,
	  "x": 0,
	  "y": 10
	},
	"id": 6,
	"legend": {
	  "avg": false,
	  "current": false,
	  "max": false,
	  "min": false,
	  "show": true,
	  "total": false,
	  "values": false
	},
	"lines": true,
	"linewidth": 1,
	"links": [],
	"nullPointMode": "null",
	"percentage": false,
	"pointradius": 5,
	"points": false,
	"renderer": "flot",
	"seriesOverrides": [],
	"spaceLength": 10,
	"stack": false,
	"steppedLine": false,
	"targets": [
	  {
	    "expr": "node_memory_MemTotal_bytes{pg_cluster=\"[[cluster]]\", instance=\"[[pod]]\"}",
	    "format": "time_series",
	    "intervalFactor": 1,
	    "legendFormat": "Total",
	    "refId": "A"
	  },
	  {
	    "expr": "node_memory_MemTotal_bytes{pg_cluster=\"[[cluster]]\", instance=\"[[pod]]\"} - node_memory_MemAvailable_bytes{pg_cluster=\"[[cluster]]\", instance=\"[[pod]]\"}",
	    "format": "time_series",
	    "intervalFactor": 1,
	    "legendFormat": "Used",
	    "refId": "B"
	  },
	  {
	    "expr": "node_memory_Cached_bytes{pg_cluster=\"[[cluster]]\", instance=\"[[pod]]\"}",
	    "format": "time_series",
	    "intervalFactor": 1,
	    "legendFormat": "Cached",
	    "refId": "C"
	  },
	  {
	    "expr": "node_memory_SwapTotal_bytes{pg_cluster=\"[[cluster]]\", instance=\"[[pod]]\"}",
	    "format": "time_series",
	    "intervalFactor": 1,
	    "legendFormat": "Swap Total",
	    "refId": "D"
	  },
	  {
	    "expr": "node_memory_SwapTotal_bytes{pg_cluster=\"[[cluster]]\", instance=~\"[[pod]]\"} - node_memory_SwapFree_bytes{pg_cluster=\"[[cluster]]\", instance=\"[[pod]]\"}",
	    "format": "time_series",
	    "intervalFactor": 1,
	    "legendFormat": "Swap Used",
	    "refId": "E"
	  }
	],
	"thresholds": [],
	"timeFrom": null,
	"timeRegions": [],
	"timeShift": null,
	"title": "Memory",
	"tooltip": {
	  "shared": true,
	  "sort": 0,
	  "value_type": "individual"
	},
	"type": "graph",
	"xaxis": {
	  "buckets": null,
	  "mode": "time",
	  "name": null,
	  "show": true,
	  "values": []
	},
	"yaxes": [
	  {
	    "format": "bytes",
	    "label": null,
	    "logBase": 1,
	    "max": null,
	    "min": null,
	    "show": true
	  },
	  {
	    "format": "short",
	    "label": null,
	    "logBase": 1,
	    "max": null,
	    "min": null,
	    "show": true
	  }
	],
	"yaxis": {
	  "align": false,
	  "alignLevel": null
	}
      },
      {
	"aliasColors": {},
	"bars": false,
	"dashLength": 10,
	"dashes": false,
	"datasource": "PROMETHEUS",
	"fill": 0,
	"gridPos": {
	  "h": 9,
	  "w": 8,
	  "x": 8,
	  "y": 10
	},
	"id": 12,
	"legend": {
	  "avg": false,
	  "current": false,
	  "max": false,
	  "min": false,
	  "show": true,
	  "total": false,
	  "values": false
	},
	"lines": true,
	"linewidth": 2,
	"links": [],
	"nullPointMode": "null",
	"percentage": false,
	"pointradius": 5,
	"points": false,
	"renderer": "flot",
	"seriesOverrides": [],
	"spaceLength": 10,
	"stack": false,
	"steppedLine": false,
	"targets": [
	  {
	    "expr": "sum by (instance) (rate(node_disk_reads_completed_total{pg_cluster=\"[[cluster]]\",instance=\"[[pod]]\"}[$__interval]))",
	    "format": "time_series",
	    "interval": "",
	    "intervalFactor": 2,
	    "legendFormat": "Reads",
	    "refId": "A"
	  },
	  {
	    "expr": "sum by (instance) (rate(node_disk_writes_completed_total{pg_cluster=\"[[cluster]]\",instance=\"[[pod]]\"}[$__interval]))",
	    "format": "time_series",
	    "intervalFactor": 2,
	    "legendFormat": "Writes",
	    "refId": "B"
	  }
	],
	"thresholds": [],
	"timeFrom": null,
	"timeRegions": [],
	"timeShift": null,
	"title": "Total IOPS",
	"tooltip": {
	  "shared": false,
	  "sort": 0,
	  "value_type": "individual"
	},
	"type": "graph",
	"xaxis": {
	  "buckets": null,
	  "mode": "time",
	  "name": null,
	  "show": true,
	  "values": []
	},
	"yaxes": [
	  {
	    "format": "KBs",
	    "label": null,
	    "logBase": 1,
	    "max": null,
	    "min": "0",
	    "show": true
	  },
	  {
	    "format": "short",
	    "label": null,
	    "logBase": 1,
	    "max": null,
	    "min": null,
	    "show": false
	  }
	],
	"yaxis": {
	  "align": false,
	  "alignLevel": null
	}
      },
      {
	"aliasColors": {},
	"bars": false,
	"dashLength": 10,
	"dashes": false,
	"datasource": "PROMETHEUS",
	"fill": 0,
	"gridPos": {
	  "h": 9,
	  "w": 8,
	  "x": 16,
	  "y": 10
	},
	"id": 11,
	"legend": {
	  "avg": false,
	  "current": false,
	  "max": false,
	  "min": false,
	  "show": true,
	  "total": false,
	  "values": false
	},
	"lines": true,
	"linewidth": 2,
	"links": [],
	"nullPointMode": "null",
	"percentage": false,
	"pointradius": 5,
	"points": false,
	"renderer": "flot",
	"seriesOverrides": [],
	"spaceLength": 10,
	"stack": false,
	"steppedLine": false,
	"targets": [
	  {
	    "expr": "sum by (device) (rate(node_network_transmit_bytes_total{device!=\"lo\",pg_cluster=\"[[cluster]]\",instance=\"[[pod]]\"}[$__interval]))",
	    "format": "time_series",
	    "interval": "",
	    "intervalFactor": 2,
	    "legendFormat": "send {{device}}",
	    "refId": "A"
	  },
	  {
	    "expr": "sum by (device) (rate(node_network_receive_bytes_total{device!=\"lo\",pg_cluster=\"[[cluster]]\",instance=\"[[pod]]\"}[$__interval]))",
	    "format": "time_series",
	    "intervalFactor": 2,
	    "legendFormat": "receive {{device}}",
	    "refId": "B"
	  }
	],
	"thresholds": [],
	"timeFrom": null,
	"timeRegions": [],
	"timeShift": null,
	"title": "Network Usage",
	"tooltip": {
	  "shared": false,
	  "sort": 0,
	  "value_type": "individual"
	},
	"type": "graph",
	"xaxis": {
	  "buckets": null,
	  "mode": "time",
	  "name": null,
	  "show": true,
	  "values": []
	},
	"yaxes": [
	  {
	    "format": "KBs",
	    "label": null,
	    "logBase": 1,
	    "max": null,
	    "min": "0",
	    "show": true
	  },
	  {
	    "format": "short",
	    "label": null,
	    "logBase": 1,
	    "max": null,
	    "min": null,
	    "show": false
	  }
	],
	"yaxis": {
	  "align": false,
	  "alignLevel": null
	}
      },
      {
	"aliasColors": {},
	"bars": false,
	"dashLength": 10,
	"dashes": false,
	"datasource": "PROMETHEUS",
	"fill": 0,
	"gridPos": {
	  "h": 9,
	  "w": 8,
	  "x": 2,
	  "y": 19
	},
	"id": 10,
	"legend": {
	  "avg": false,
	  "current": false,
	  "max": false,
	  "min": false,
	  "show": true,
	  "total": false,
	  "values": false
	},
	"lines": true,
	"linewidth": 2,
	"links": [
	  {
	    "dashUri": "db/filesystemdetails",
	    "dashboard": "FilesystemDetails",
	    "includeVars": true,
	    "keepTime": true,
	    "title": "FilesystemDetails",
	    "type": "dashboard"
	  }
	],
	"nullPointMode": "null",
	"percentage": false,
	"pointradius": 5,
	"points": false,
	"renderer": "flot",
	"seriesOverrides": [],
	"spaceLength": 10,
	"stack": false,
	"steppedLine": false,
	"targets": [
	  {
	    "expr": "100-(100*(node_filesystem_free_bytes{pg_cluster=\"[[cluster]]\", instance=\"[[pod]]\", fstype!~\".*tmpfs.*|.*root.*|.*pipe.*\"} / node_filesystem_size_bytes{pg_cluster=\"[[cluster]]\", instance=\"[[pod]]\", fstype!~\".*tmpfs.*|.*root.*|.*pipe.*\"}))",
	    "format": "time_series",
	    "intervalFactor": 2,
	    "legendFormat": "{{mountpoint}}",
	    "refId": "A"
	  },
	  {
	    "expr": "100-(100*(node_filesystem_free{pg_cluster=\"[[cluster]]\", instance=\"[[pod]]\", fstype!~\".*tmpfs.*|.*root.*|.*pipe.*\"} / node_filesystem_size{pg_cluster=\"[[cluster]]\", instance=\"[[pod]]\", fstype!~\".*tmpfs.*|.*root.*|.*pipe.*\"}))",
	    "format": "time_series",
	    "intervalFactor": 2,
	    "legendFormat": "{{mountpoint}}",
	    "refId": "B"
	  }
	],
	"thresholds": [],
	"timeFrom": null,
	"timeRegions": [],
	"timeShift": null,
	"title": "FileSystem Usage",
	"tooltip": {
	  "shared": false,
	  "sort": 0,
	  "value_type": "individual"
	},
	"transparent": false,
	"type": "graph",
	"xaxis": {
	  "buckets": null,
	  "mode": "time",
	  "name": null,
	  "show": true,
	  "values": []
	},
	"yaxes": [
	  {
	    "format": "percent",
	    "label": null,
	    "logBase": 1,
	    "max": "100",
	    "min": "0",
	    "show": true
	  },
	  {
	    "format": "short",
	    "label": null,
	    "logBase": 1,
	    "max": null,
	    "min": null,
	    "show": true
	  }
	],
	"yaxis": {
	  "align": false,
	  "alignLevel": null
	}
      }
    ],
    "refresh": "1m",
    "schemaVersion": 16,
    "style": "dark",
    "tags": [],
    "templating": {
      "list": [
	{
	  "allValue": null,
	  "current": {
	    "selected": true,
	    "text": "metrics-1",
	    "value": "metrics-1"
	  },
	  "datasource": "PROMETHEUS",
	  "definition": "",
	  "hide": 0,
	  "includeAll": false,
	  "label": "cluster",
	  "multi": false,
	  "name": "cluster",
	  "options": [],
	  "query": "label_values(pg_cluster)",
	  "refresh": 1,
	  "regex": "",
	  "skipUrlSync": false,
	  "sort": 0,
	  "tagValuesQuery": "",
	  "tags": [],
	  "tagsQuery": "",
	  "type": "query",
	  "useTags": false
	},
	{
	  "allValue": ".*",
	  "current": {
	    "text": "All",
	    "value": "All"
	  },
	  "datasource": "PROMETHEUS",
	  "definition": "",
	  "hide": 0,
	  "includeAll": false,
	  "label": "pod",
	  "multi": false,
	  "name": "pod",
	  "options": [],
	  "query": "label_values({pg_cluster=\"[[cluster]]\"},instance)",
	  "refresh": 1,
	  "regex": "",
	  "skipUrlSync": false,
	  "sort": 1,
	  "tagValuesQuery": "",
	  "tags": [],
	  "tagsQuery": "",
	  "type": "query",
	  "useTags": false
	}
      ]
    },
    "time": {
      "from": "now-5m",
      "to": "now"
    },
    "timepicker": {
      "refresh_intervals": [
	"5s",
	"10s",
	"30s",
	"1m",
	"5m",
	"15m",
	"30m",
	"1h",
	"2h",
	"1d"
      ],
      "time_options": [
	"5m",
	"15m",
	"1h",
	"6h",
	"12h",
	"24h",
	"2d",
	"7d",
	"30d"
      ]
    },
    "timezone": "browser",
    "title": "OSResourceDetails",
    "uid": "osresource",
    "version": 1
  }
}
