{
  "dashboard": {
    "annotations": {
      "list": [
	{
	  "builtIn": 1,
	  "datasource": "-- Grafana --",
	  "enable": true,
	  "hide": true,
	  "iconColor": "rgba(0, 211, 255, 1)",
	  "name": "Annotations & Alerts",
	  "type": "dashboard"
	}
      ]
    },
    "overwrite": true,
    "folderId": 0,
    "editable": true,
    "gnetId": null,
    "graphTooltip": 0,
    "iteration": 1555134189674,
    "links": [
      {
	"asDropdown": false,
	"icon": "external link",
	"includeVars": true,
	"keepTime": true,
	"tags": [],
	"targetBlank": true,
	"title": "",
	"type": "dashboards"
      }
    ],
    "panels": [
      {
	"cacheTimeout": null,
	"colorBackground": false,
	"colorValue": false,
	"colors": [
	  "rgba(50, 172, 45, 0.97)",
	  "rgba(237, 129, 40, 0.89)",
	  "rgba(245, 54, 54, 0.9)"
	],
	"datasource": "PROMETHEUS",
	"format": "percent",
	"gauge": {
	  "maxValue": 100,
	  "minValue": 0,
	  "show": true,
	  "thresholdLabels": false,
	  "thresholdMarkers": true
	},
	"gridPos": {
	  "h": 7,
	  "w": 4,
	  "x": 0,
	  "y": 0
	},
	"id": 8,
	"interval": null,
	"links": [],
	"mappingType": 1,
	"mappingTypes": [
	  {
	    "name": "value to text",
	    "value": 1
	  },
	  {
	    "name": "range to text",
	    "value": 2
	  }
	],
	"maxDataPoints": 100,
	"nullPointMode": "connected",
	"nullText": null,
	"postfix": "",
	"postfixFontSize": "50%",
	"prefix": "",
	"prefixFontSize": "50%",
	"rangeMaps": [
	  {
	    "from": "null",
	    "text": "N/A",
	    "to": "null"
	  }
	],
	"sparkline": {
	  "fillColor": "rgba(31, 118, 189, 0.18)",
	  "full": false,
	  "lineColor": "rgb(31, 120, 193)",
	  "show": false
	},
	"tableColumn": "",
	"targets": [
	  {
	    "expr": "sum(pg_stat_activity_count{pg_cluster=~\"[[cluster]]\",instance=~\"[[pod]]\",datname=~\"[[datname]]\",state=\"active\"})*100/sum(pg_settings_max_connections{pg_cluster=~\"[[cluster]]\",instance=~\"[[pod]]\"})",
	    "format": "time_series",
	    "hide": false,
	    "intervalFactor": 2,
	    "legendFormat": "",
	    "metric": "pg_stat_activity_count",
	    "refId": "A",
	    "step": 10
	  }
	],
	"thresholds": "70,90",
	"title": "Active Connections",
	"type": "singlestat",
	"valueFontSize": "80%",
	"valueMaps": [
	  {
	    "op": "=",
	    "text": "N/A",
	    "value": "null"
	  }
	],
	"valueName": "current"
      },
      {
	"cacheTimeout": null,
	"colorBackground": false,
	"colorValue": false,
	"colors": [
	  "rgba(50, 172, 45, 0.97)",
	  "rgba(237, 129, 40, 0.89)",
	  "rgba(245, 54, 54, 0.9)"
	],
	"datasource": "PROMETHEUS",
	"format": "percentunit",
	"gauge": {
	  "maxValue": 100,
	  "minValue": 0,
	  "show": true,
	  "thresholdLabels": false,
	  "thresholdMarkers": true
	},
	"gridPos": {
	  "h": 7,
	  "w": 4,
	  "x": 4,
	  "y": 0
	},
	"id": 2,
	"interval": null,
	"links": [],
	"mappingType": 1,
	"mappingTypes": [
	  {
	    "name": "value to text",
	    "value": 1
	  },
	  {
	    "name": "range to text",
	    "value": 2
	  }
	],
	"maxDataPoints": 100,
	"nullPointMode": "connected",
	"nullText": null,
	"postfix": "",
	"postfixFontSize": "50%",
	"prefix": "",
	"prefixFontSize": "50%",
	"rangeMaps": [
	  {
	    "from": "null",
	    "text": "N/A",
	    "to": "null"
	  }
	],
	"sparkline": {
	  "fillColor": "rgba(31, 118, 189, 0.18)",
	  "full": false,
	  "lineColor": "rgb(31, 120, 193)",
	  "show": false
	},
	"tableColumn": "",
	"targets": [
	  {
	    "expr": "sum(pg_stat_activity_count{pg_cluster=~\"[[cluster]]\",instance=~\"[[pod]]\",datname=~\"[[datname]]\",state=\"idle in transaction\"})/sum(pg_settings_max_connections{pg_cluster=~\"[[cluster]]\",instance=~\"[[pod]]\"})",
	    "format": "time_series",
	    "intervalFactor": 2,
	    "refId": "B"
	  }
	],
	"thresholds": "10,30",
	"title": "Idle In Transaction",
	"type": "singlestat",
	"valueFontSize": "80%",
	"valueMaps": [
	  {
	    "op": "=",
	    "text": "N/A",
	    "value": "null"
	  }
	],
	"valueName": "current"
      },
      {
	"cacheTimeout": null,
	"colorBackground": false,
	"colorValue": false,
	"colors": [
	  "rgba(50, 172, 45, 0.97)",
	  "rgba(237, 129, 40, 0.89)",
	  "rgba(245, 54, 54, 0.9)"
	],
	"datasource": "PROMETHEUS",
	"format": "percent",
	"gauge": {
	  "maxValue": 100,
	  "minValue": 0,
	  "show": true,
	  "thresholdLabels": false,
	  "thresholdMarkers": true
	},
	"gridPos": {
	  "h": 7,
	  "w": 4,
	  "x": 8,
	  "y": 0
	},
	"id": 3,
	"interval": null,
	"links": [],
	"mappingType": 1,
	"mappingTypes": [
	  {
	    "name": "value to text",
	    "value": 1
	  },
	  {
	    "name": "range to text",
	    "value": 2
	  }
	],
	"maxDataPoints": 100,
	"nullPointMode": "connected",
	"nullText": null,
	"postfix": "",
	"postfixFontSize": "50%",
	"prefix": "",
	"prefixFontSize": "50%",
	"rangeMaps": [
	  {
	    "from": "null",
	    "text": "N/A",
	    "to": "null"
	  }
	],
	"sparkline": {
	  "fillColor": "rgba(31, 118, 189, 0.18)",
	  "full": false,
	  "lineColor": "rgb(31, 120, 193)",
	  "show": false
	},
	"tableColumn": "",
	"targets": [
	  {
	    "expr": "sum(pg_stat_activity_count{pg_cluster=~\"[[cluster]]\",instance=~\"[[pod]]\",datname=~\"[[datname]]\",state=\"idle\"})*100/sum(pg_settings_max_connections{pg_cluster=~\"[[cluster]]\",instance=~\"[[pod]]\"})",
	    "format": "time_series",
	    "intervalFactor": 2,
	    "metric": "pg_stat_activity_count",
	    "refId": "A",
	    "step": 10
	  }
	],
	"thresholds": "60,80",
	"title": "Idle",
	"type": "singlestat",
	"valueFontSize": "80%",
	"valueMaps": [
	  {
	    "op": "=",
	    "text": "N/A",
	    "value": "null"
	  }
	],
	"valueName": "current"
      },
      {
	"aliasColors": {},
	"bars": false,
	"dashLength": 10,
	"dashes": false,
	"datasource": "PROMETHEUS",
	"fill": 1,
	"gridPos": {
	  "h": 7,
	  "w": 6,
	  "x": 12,
	  "y": 0
	},
	"id": 24,
	"legend": {
	  "alignAsTable": true,
	  "avg": false,
	  "current": false,
	  "max": false,
	  "min": false,
	  "rightSide": true,
	  "show": true,
	  "total": false,
	  "values": false
	},
	"lines": true,
	"linewidth": 1,
	"links": [
	  {
	    "dashUri": "db/crud_details",
	    "dashboard": "CRUD_Details",
	    "includeVars": true,
	    "targetBlank": true,
	    "title": "CRUD_Details",
	    "type": "dashboard"
	  }
	],
	"nullPointMode": "null",
	"percentage": false,
	"pointradius": 5,
	"points": false,
	"renderer": "flot",
	"seriesOverrides": [],
	"spaceLength": 10,
	"stack": false,
	"steppedLine": false,
	"targets": [
	  {
	    "expr": "sum(irate(pg_stat_database_xact_commit{pg_cluster=~\"[[cluster]]\",instance=~\"[[pod]]\",datname=~\"[[datname]]\"}[5m])) + sum(irate(pg_stat_database_xact_rollback{pg_cluster=~\"[[cluster]]\",instance=~\"[[pod]]\",datname=~\"[[datname]]\"}[5m]))",
	    "format": "time_series",
	    "hide": false,
	    "intervalFactor": 2,
	    "legendFormat": "TPS",
	    "metric": "pg_stat_database_tup_fetched",
	    "refId": "A",
	    "step": 2
	  }
	],
	"thresholds": [],
	"timeFrom": null,
	"timeRegions": [],
	"timeShift": null,
	"title": "TPS -  [[pod]]-[[datname]]",
	"tooltip": {
	  "shared": true,
	  "sort": 0,
	  "value_type": "individual"
	},
	"type": "graph",
	"xaxis": {
	  "buckets": null,
	  "mode": "time",
	  "name": null,
	  "show": true,
	  "values": []
	},
	"yaxes": [
	  {
	    "format": "short",
	    "label": null,
	    "logBase": 1,
	    "max": null,
	    "min": "0",
	    "show": true
	  },
	  {
	    "format": "short",
	    "label": null,
	    "logBase": 1,
	    "max": null,
	    "min": null,
	    "show": true
	  }
	],
	"yaxis": {
	  "align": false,
	  "alignLevel": null
	}
      },
      {
	"aliasColors": {},
	"bars": false,
	"dashLength": 10,
	"dashes": false,
	"datasource": "PROMETHEUS",
	"fill": 1,
	"gridPos": {
	  "h": 7,
	  "w": 6,
	  "x": 18,
	  "y": 0
	},
	"id": 26,
	"legend": {
	  "alignAsTable": true,
	  "avg": false,
	  "current": false,
	  "max": false,
	  "min": false,
	  "rightSide": true,
	  "show": true,
	  "total": false,
	  "values": false
	},
	"lines": true,
	"linewidth": 1,
	"links": [
	  {
	    "dashUri": "db/crud_details",
	    "dashboard": "CRUD_Details",
	    "includeVars": true,
	    "targetBlank": true,
	    "title": "CRUD_Details",
	    "type": "dashboard"
	  }
	],
	"nullPointMode": "null",
	"percentage": false,
	"pointradius": 5,
	"points": false,
	"renderer": "flot",
	"seriesOverrides": [],
	"spaceLength": 10,
	"stack": false,
	"steppedLine": false,
	"targets": [
	  {
	    "expr": "sum by (state) (pg_stat_activity_count{pg_cluster=~\"[[cluster]]\",instance=~\"[[pod]]\",datname=~\"[[datname]]\",state=\"idle\"})",
	    "format": "time_series",
	    "hide": false,
	    "interval": "",
	    "intervalFactor": 2,
	    "legendFormat": "idle",
	    "metric": "pg_stat_database_tup_fetched",
	    "refId": "A",
	    "step": 2
	  },
	  {
	    "expr": "sum by (state) (pg_stat_activity_count{pg_cluster=~\"[[cluster]]\",instance=~\"[[pod]]\",datname=~\"[[datname]]\",state=\"idle in transaction\"})",
	    "format": "time_series",
	    "interval": "",
	    "intervalFactor": 1,
	    "legendFormat": "Idle in txn",
	    "refId": "B"
	  },
	  {
	    "expr": "sum by (state) (pg_stat_activity_count{pg_cluster=~\"[[cluster]]\",instance=~\"[[pod]]\",datname=~\"[[datname]]\",state=\"active\"})",
	    "format": "time_series",
	    "intervalFactor": 1,
	    "legendFormat": "active",
	    "refId": "C"
	  }
	],
	"thresholds": [],
	"timeFrom": null,
	"timeRegions": [],
	"timeShift": null,
	"title": "Connections -  [[pod]]-[[datname]]",
	"tooltip": {
	  "shared": true,
	  "sort": 0,
	  "value_type": "individual"
	},
	"type": "graph",
	"xaxis": {
	  "buckets": null,
	  "mode": "time",
	  "name": null,
	  "show": true,
	  "values": []
	},
	"yaxes": [
	  {
	    "format": "short",
	    "label": null,
	    "logBase": 1,
	    "max": null,
	    "min": "0",
	    "show": true
	  },
	  {
	    "format": "short",
	    "label": null,
	    "logBase": 1,
	    "max": null,
	    "min": null,
	    "show": true
	  }
	],
	"yaxis": {
	  "align": false,
	  "alignLevel": null
	}
      },
      {
	"aliasColors": {},
	"bars": false,
	"dashLength": 10,
	"dashes": false,
	"datasource": "PROMETHEUS",
	"fill": 1,
	"gridPos": {
	  "h": 5,
	  "w": 12,
	  "x": 0,
	  "y": 7
	},
	"id": 12,
	"legend": {
	  "alignAsTable": true,
	  "avg": false,
	  "current": false,
	  "max": false,
	  "min": false,
	  "rightSide": true,
	  "show": true,
	  "total": false,
	  "values": false
	},
	"lines": true,
	"linewidth": 1,
	"links": [],
	"nullPointMode": "null",
	"percentage": false,
	"pointradius": 5,
	"points": false,
	"renderer": "flot",
	"seriesOverrides": [],
	"spaceLength": 10,
	"stack": false,
	"steppedLine": false,
	"targets": [
	  {
	    "expr": "sum(pg_stat_database_blks_hit{pg_cluster=~\"[[cluster]]\",instance=~\"[[pod]]\",datname=~\"[[datname]]\"})*100/sum(pg_stat_database_blks_hit{pg_cluster=~\"[[cluster]]\",instance=~\"[[pod]]\",datname=~\"[[datname]]\"} + pg_stat_database_blks_read{pg_cluster=~\"[[cluster]]\",instance=~\"[[pod]]\",datname=~\"[[datname]]\"})",
	    "format": "time_series",
	    "intervalFactor": 2,
	    "legendFormat": "Cache Hit Ratio",
	    "refId": "B"
	  }
	],
	"thresholds": [],
	"timeFrom": null,
	"timeRegions": [],
	"timeShift": null,
	"title": "Cache Hit Ratio - [[pod]]-[[datname]]",
	"tooltip": {
	  "shared": true,
	  "sort": 0,
	  "value_type": "individual"
	},
	"type": "graph",
	"xaxis": {
	  "buckets": null,
	  "mode": "time",
	  "name": null,
	  "show": true,
	  "values": []
	},
	"yaxes": [
	  {
	    "format": "percent",
	    "label": null,
	    "logBase": 1,
	    "max": null,
	    "min": null,
	    "show": true
	  },
	  {
	    "format": "short",
	    "label": null,
	    "logBase": 1,
	    "max": null,
	    "min": null,
	    "show": true
	  }
	],
	"yaxis": {
	  "align": false,
	  "alignLevel": null
	}
      },
      {
	"aliasColors": {},
	"bars": false,
	"dashLength": 10,
	"dashes": false,
	"datasource": "PROMETHEUS",
	"fill": 1,
	"gridPos": {
	  "h": 5,
	  "w": 12,
	  "x": 12,
	  "y": 7
	},
	"id": 13,
	"legend": {
	  "alignAsTable": true,
	  "avg": false,
	  "current": false,
	  "max": false,
	  "min": false,
	  "rightSide": true,
	  "show": true,
	  "total": false,
	  "values": false
	},
	"lines": true,
	"linewidth": 1,
	"links": [],
	"nullPointMode": "null",
	"percentage": false,
	"pointradius": 5,
	"points": false,
	"renderer": "flot",
	"seriesOverrides": [],
	"spaceLength": 10,
	"stack": false,
	"steppedLine": false,
	"targets": [
	  {
	    "expr": "sum(irate(pg_stat_database_xact_commit{pg_cluster=~\"[[cluster]]\",instance=~\"[[pod]]\",datname=~\"[[datname]]\"}[5m]))",
	    "format": "time_series",
	    "intervalFactor": 2,
	    "legendFormat": "Commit",
	    "metric": "pg_stat_database_xact_commit",
	    "refId": "A",
	    "step": 2
	  },
	  {
	    "expr": "sum(irate(pg_stat_database_xact_rollback{pg_cluster=~\"[[cluster]]\",instance=~\"[[pod]]\",datname=~\"[[datname]]\"}[5m]))",
	    "format": "time_series",
	    "intervalFactor": 2,
	    "legendFormat": "Rollback",
	    "refId": "B",
	    "step": 2
	  }
	],
	"thresholds": [],
	"timeFrom": null,
	"timeRegions": [],
	"timeShift": null,
	"title": "Commit & Rollback",
	"tooltip": {
	  "shared": true,
	  "sort": 0,
	  "value_type": "individual"
	},
	"type": "graph",
	"xaxis": {
	  "buckets": null,
	  "mode": "time",
	  "name": null,
	  "show": true,
	  "values": []
	},
	"yaxes": [
	  {
	    "format": "short",
	    "label": null,
	    "logBase": 1,
	    "max": null,
	    "min": null,
	    "show": true
	  },
	  {
	    "format": "short",
	    "label": null,
	    "logBase": 1,
	    "max": null,
	    "min": null,
	    "show": true
	  }
	],
	"yaxis": {
	  "align": false,
	  "alignLevel": null
	}
      },
      {
	"aliasColors": {},
	"bars": false,
	"dashLength": 10,
	"dashes": false,
	"datasource": "PROMETHEUS",
	"fill": 1,
	"gridPos": {
	  "h": 6,
	  "w": 8,
	  "x": 0,
	  "y": 12
	},
	"id": 11,
	"legend": {
	  "alignAsTable": true,
	  "avg": false,
	  "current": false,
	  "max": false,
	  "min": false,
	  "rightSide": true,
	  "show": true,
	  "total": false,
	  "values": false
	},
	"lines": true,
	"linewidth": 1,
	"links": [
	  {
	    "dashUri": "db/crud_details",
	    "dashboard": "CRUD_Details",
	    "includeVars": true,
	    "targetBlank": true,
	    "title": "CRUD_Details",
	    "type": "dashboard"
	  }
	],
	"nullPointMode": "null",
	"percentage": false,
	"pointradius": 5,
	"points": false,
	"renderer": "flot",
	"seriesOverrides": [],
	"spaceLength": 10,
	"stack": false,
	"steppedLine": false,
	"targets": [
	  {
	    "expr": "sum(irate(pg_stat_database_tup_fetched{pg_cluster=\"[[cluster]]\",instance=~\"[[pod]]\",datname=~\"[[datname]]\"}[5m]))",
	    "format": "time_series",
	    "hide": false,
	    "intervalFactor": 2,
	    "legendFormat": "Fetched",
	    "metric": "pg_stat_database_tup_fetched",
	    "refId": "A",
	    "step": 2
	  },
	  {
	    "expr": "sum(irate(pg_stat_database_tup_inserted{pg_cluster=\"[[cluster]]\",instance=~\"[[pod]]\",datname=~\"[[datname]]\"}[5m]))",
	    "format": "time_series",
	    "hide": false,
	    "intervalFactor": 2,
	    "legendFormat": "Inserted",
	    "metric": "pg_stat_database_tup_inserted",
	    "refId": "B",
	    "step": 2
	  },
	  {
	    "expr": "sum(irate(pg_stat_database_tup_updated{pg_cluster=\"[[cluster]]\",instance=~\"[[pod]]\",datname=~\"[[datname]]\"}[5m]))",
	    "format": "time_series",
	    "hide": false,
	    "intervalFactor": 2,
	    "legendFormat": "Updated",
	    "metric": "pg_stat_database_tup_updated",
	    "refId": "C",
	    "step": 2
	  },
	  {
	    "expr": "sum(irate(pg_stat_database_tup_deleted{pg_cluster=\"[[cluster]]\",instance=~\"[[pod]]\",datname=~\"[[datname]]\"}[5m]))",
	    "format": "time_series",
	    "intervalFactor": 2,
	    "legendFormat": "Deleted",
	    "metric": "pg_stat_database_tup_deleted",
	    "refId": "D",
	    "step": 2
	  }
	],
	"thresholds": [],
	"timeFrom": null,
	"timeRegions": [],
	"timeShift": null,
	"title": "Row activity -  [[pod]]- [[datname]]",
	"tooltip": {
	  "shared": true,
	  "sort": 0,
	  "value_type": "individual"
	},
	"type": "graph",
	"xaxis": {
	  "buckets": null,
	  "mode": "time",
	  "name": null,
	  "show": true,
	  "values": []
	},
	"yaxes": [
	  {
	    "format": "short",
	    "label": null,
	    "logBase": 1,
	    "max": null,
	    "min": "0",
	    "show": true
	  },
	  {
	    "format": "short",
	    "label": null,
	    "logBase": 1,
	    "max": null,
	    "min": null,
	    "show": true
	  }
	],
	"yaxis": {
	  "align": false,
	  "alignLevel": null
	}
      },
      {
	"aliasColors": {},
	"bars": false,
	"dashLength": 10,
	"dashes": false,
	"datasource": "PROMETHEUS",
	"fill": 1,
	"gridPos": {
	  "h": 6,
	  "w": 6,
	  "x": 8,
	  "y": 12
	},
	"id": 15,
	"legend": {
	  "alignAsTable": true,
	  "avg": false,
	  "current": false,
	  "max": false,
	  "min": false,
	  "rightSide": true,
	  "show": true,
	  "total": false,
	  "values": false
	},
	"lines": true,
	"linewidth": 1,
	"links": [],
	"nullPointMode": "null",
	"percentage": false,
	"pointradius": 5,
	"points": false,
	"renderer": "flot",
	"seriesOverrides": [],
	"spaceLength": 10,
	"stack": false,
	"steppedLine": false,
	"targets": [
	  {
	    "expr": "sum(rate(pg_stat_database_deadlocks{pg_cluster=~\"[[cluster]]\",instance=~\"[[pod]]\",datname=~\"[[datname]]\"}[5m]))",
	    "format": "time_series",
	    "hide": false,
	    "intervalFactor": 2,
	    "legendFormat": "Conflicts",
	    "metric": "pg_stat_database_conflicts",
	    "refId": "A",
	    "step": 2
	  },
	  {
	    "expr": "sum(rate(pg_stat_database_conflicts{pg_cluster=~\"[[cluster]]\",instance=~\"[[pod]]\",datname=~\"[[datname]]\"}[5m]))",
	    "format": "time_series",
	    "intervalFactor": 2,
	    "legendFormat": "DeadLocks",
	    "metric": "pg_stat_database_deadlocks",
	    "refId": "B",
	    "step": 2
	  }
	],
	"thresholds": [],
	"timeFrom": null,
	"timeRegions": [],
	"timeShift": null,
	"title": "Conflicts/DeadLocks - [[pod]] - [[datname]]",
	"tooltip": {
	  "shared": true,
	  "sort": 0,
	  "value_type": "individual"
	},
	"type": "graph",
	"xaxis": {
	  "buckets": null,
	  "mode": "time",
	  "name": null,
	  "show": true,
	  "values": []
	},
	"yaxes": [
	  {
	    "format": "short",
	    "label": null,
	    "logBase": 1,
	    "max": null,
	    "min": "0",
	    "show": true
	  },
	  {
	    "format": "short",
	    "label": null,
	    "logBase": 1,
	    "max": null,
	    "min": null,
	    "show": true
	  }
	],
	"yaxis": {
	  "align": false,
	  "alignLevel": null
	}
      },
      {
	"aliasColors": {},
	"bars": false,
	"dashLength": 10,
	"dashes": false,
	"datasource": "PROMETHEUS",
	"fill": 1,
	"gridPos": {
	  "h": 6,
	  "w": 10,
	  "x": 14,
	  "y": 12
	},
	"id": 17,
	"legend": {
	  "alignAsTable": true,
	  "avg": false,
	  "current": false,
	  "max": false,
	  "min": false,
	  "rightSide": true,
	  "show": true,
	  "total": false,
	  "values": false
	},
	"lines": true,
	"linewidth": 1,
	"links": [],
	"nullPointMode": "null",
	"percentage": false,
	"pointradius": 5,
	"points": false,
	"renderer": "flot",
	"seriesOverrides": [],
	"spaceLength": 10,
	"stack": false,
	"steppedLine": false,
	"targets": [
	  {
	    "expr": "sum by (mode) (pg_locks_count{pg_cluster=~\"[[cluster]]\",instance=~\"[[pod]]\",datname=~\"[[datname]]\",mode=\"accessexclusivelock\"})",
	    "format": "time_series",
	    "hide": false,
	    "intervalFactor": 2,
	    "legendFormat": "{{mode}}",
	    "refId": "A",
	    "step": 2
	  },
	  {
	    "expr": "sum by (mode) (pg_locks_count{pg_cluster=~\"[[cluster]]\",instance=~\"[[pod]]\",datname=~\"[[datname]]\",mode=\"exclusivelock\"})",
	    "format": "time_series",
	    "hide": false,
	    "intervalFactor": 2,
	    "legendFormat": "{{mode}}",
	    "refId": "C",
	    "step": 2
	  },
	  {
	    "expr": "sum by (mode) (pg_locks_count{pg_cluster=~\"[[cluster]]\",instance=~\"[[pod]]\",datname=~\"[[datname]]\",mode=\"rowexclusivelock\"})",
	    "format": "time_series",
	    "hide": false,
	    "intervalFactor": 2,
	    "legendFormat": "{{mode}}",
	    "refId": "D",
	    "step": 2
	  },
	  {
	    "expr": "sum by (mode) (pg_locks_count{pg_cluster=~\"[[cluster]]\",instance=~\"[[pod]]\",datname=~\"[[datname]]\",mode=\"sharerowexclusivelock\"})",
	    "format": "time_series",
	    "hide": false,
	    "intervalFactor": 2,
	    "legendFormat": "{{mode}}",
	    "refId": "G",
	    "step": 2
	  },
	  {
	    "expr": "sum by (mode) (pg_locks_count{pg_cluster=~\"[[cluster]]\",instance=~\"[[pod]]\",datname=~\"[[datname]]\",mode=\"shareupdateexclusivelock\"})",
	    "format": "time_series",
	    "hide": false,
	    "intervalFactor": 2,
	    "legendFormat": "{{mode}}",
	    "refId": "H",
	    "step": 2
	  },
	  {
	    "expr": "sum by (mode) (pg_locks_count{pg_cluster=~\"[[cluster]]\",instance=~\"[[pod]]\",datname=~\"[[datname]]\",mode=\"accesssharelock\"})",
	    "format": "time_series",
	    "intervalFactor": 1,
	    "legendFormat": "{{mode}}",
	    "refId": "B"
	  }
	],
	"thresholds": [],
	"timeFrom": null,
	"timeRegions": [],
	"timeShift": null,
	"title": "Locks - [[pod]] - [[datname]]",
	"tooltip": {
	  "shared": true,
	  "sort": 0,
	  "value_type": "individual"
	},
	"transparent": false,
	"type": "graph",
	"xaxis": {
	  "buckets": null,
	  "mode": "time",
	  "name": null,
	  "show": true,
	  "values": []
	},
	"yaxes": [
	  {
	    "format": "short",
	    "label": null,
	    "logBase": 1,
	    "max": null,
	    "min": null,
	    "show": true
	  },
	  {
	    "format": "short",
	    "label": null,
	    "logBase": 1,
	    "max": null,
	    "min": null,
	    "show": true
	  }
	],
	"yaxis": {
	  "align": false,
	  "alignLevel": null
	}
      },
      {
	"aliasColors": {},
	"bars": false,
	"dashLength": 10,
	"dashes": false,
	"datasource": "PROMETHEUS",
	"fill": 1,
	"gridPos": {
	  "h": 8,
	  "w": 24,
	  "x": 0,
	  "y": 18
	},
	"id": 14,
	"legend": {
	  "alignAsTable": true,
	  "avg": false,
	  "current": false,
	  "max": false,
	  "min": false,
	  "rightSide": true,
	  "show": true,
	  "total": false,
	  "values": false
	},
	"lines": true,
	"linewidth": 1,
	"links": [],
	"nullPointMode": "null",
	"percentage": false,
	"pointradius": 5,
	"points": false,
	"renderer": "flot",
	"seriesOverrides": [],
	"spaceLength": 10,
	"stack": false,
	"steppedLine": false,
	"targets": [
	  {
	    "expr": "sum(pg_stat_bgwriter_buffers_alloc{pg_cluster=~\"[[cluster]]\",instance=~\"[[pod]]\"})",
	    "format": "time_series",
	    "intervalFactor": 2,
	    "legendFormat": "Allocated",
	    "metric": "pg_stat_bgwriter_buffers_alloc",
	    "refId": "A",
	    "step": 2
	  },
	  {
	    "expr": "sum(pg_stat_bgwriter_buffers_backend{pg_cluster=~\"[[cluster]]\",instance=~\"[[pod]]\"})",
	    "format": "time_series",
	    "intervalFactor": 2,
	    "legendFormat": "Backend",
	    "metric": "pg_stat_bgwriter_buffers_backend",
	    "refId": "B",
	    "step": 2
	  },
	  {
	    "expr": "sum(pg_stat_bgwriter_buffers_backend_fsync{pg_cluster=~\"[[cluster]]\",instance=~\"[[pod]]\"})",
	    "format": "time_series",
	    "intervalFactor": 2,
	    "legendFormat": "FSync",
	    "metric": "pg_stat_bgwriter_buffers_backend_fsync",
	    "refId": "C",
	    "step": 2
	  },
	  {
	    "expr": "sum(pg_stat_bgwriter_buffers_checkpoint{pg_cluster=~\"[[cluster]]\",instance=~\"[[pod]]\"})",
	    "format": "time_series",
	    "intervalFactor": 2,
	    "legendFormat": "CheckPoint",
	    "metric": "pg_stat_bgwriter_buffers_checkpoint",
	    "refId": "D",
	    "step": 2
	  },
	  {
	    "expr": "sum(pg_stat_bgwriter_buffers_clean{pg_cluster=~\"[[cluster]]\",instance=~\"[[pod]]\"})",
	    "format": "time_series",
	    "intervalFactor": 2,
	    "legendFormat": "Clean",
	    "metric": "pg_stat_bgwriter_buffers_clean",
	    "refId": "E",
	    "step": 2
	  }
	],
	"thresholds": [],
	"timeFrom": null,
	"timeRegions": [],
	"timeShift": null,
	"title": "Buffers",
	"tooltip": {
	  "shared": true,
	  "sort": 0,
	  "value_type": "individual"
	},
	"type": "graph",
	"xaxis": {
	  "buckets": null,
	  "mode": "time",
	  "name": null,
	  "show": true,
	  "values": []
	},
	"yaxes": [
	  {
	    "format": "short",
	    "label": null,
	    "logBase": 1,
	    "max": null,
	    "min": "0",
	    "show": true
	  },
	  {
	    "format": "short",
	    "label": null,
	    "logBase": 1,
	    "max": null,
	    "min": null,
	    "show": true
	  }
	],
	"yaxis": {
	  "align": false,
	  "alignLevel": null
	}
      },
      {
	"aliasColors": {},
	"bars": false,
	"dashLength": 10,
	"dashes": false,
	"datasource": "PROMETHEUS",
	"fill": 1,
	"gridPos": {
	  "h": 8,
	  "w": 24,
	  "x": 0,
	  "y": 26
	},
	"id": 20,
	"legend": {
	  "avg": false,
	  "current": false,
	  "hideEmpty": false,
	  "hideZero": false,
	  "max": false,
	  "min": false,
	  "show": true,
	  "total": false,
	  "values": false
	},
	"lines": true,
	"linewidth": 1,
	"links": [
	  {
	    "dashboard": "FilesystemDetails",
	    "includeVars": false,
	    "keepTime": true,
	    "targetBlank": true,
	    "title": "FilesystemDetails",
	    "type": "dashboard",
	    "url": "/d/Q8vxwn6mz/filesystemdetails"
	  }
	],
	"nullPointMode": "null",
	"percentage": false,
	"pointradius": 5,
	"points": false,
	"renderer": "flot",
	"repeat": null,
	"repeatDirection": "h",
	"seriesOverrides": [],
	"spaceLength": 10,
	"stack": false,
	"steppedLine": false,
	"targets": [
	  {
	    "expr": "sum by (mountpoint) (node_filesystem_free_bytes{})*100/sum by (mountpoint) (node_filesystem_size_bytes{})",
	    "format": "time_series",
	    "hide": false,
	    "interval": "",
	    "intervalFactor": 1,
	    "legendFormat": "{{mountpoint}}",
	    "refId": "B",
	    "step": 1
	  }
	],
	"thresholds": [],
	"timeFrom": null,
	"timeRegions": [],
	"timeShift": null,
	"title": "FileSystem",
	"tooltip": {
	  "shared": false,
	  "sort": 0,
	  "value_type": "individual"
	},
	"type": "graph",
	"xaxis": {
	  "buckets": null,
	  "mode": "time",
	  "name": null,
	  "show": true,
	  "values": [
	    "total"
	  ]
	},
	"yaxes": [
	  {
	    "format": "percent",
	    "label": null,
	    "logBase": 1,
	    "max": null,
	    "min": null,
	    "show": true
	  },
	  {
	    "format": "short",
	    "label": null,
	    "logBase": 1,
	    "max": null,
	    "min": null,
	    "show": true
	  }
	],
	"yaxis": {
	  "align": false,
	  "alignLevel": null
	}
      },
      {
	"aliasColors": {},
	"bars": false,
	"dashLength": 10,
	"dashes": false,
	"datasource": "PROMETHEUS",
	"fill": 1,
	"gridPos": {
	  "h": 7,
	  "w": 12,
	  "x": 0,
	  "y": 34
	},
	"id": 22,
	"legend": {
	  "alignAsTable": true,
	  "avg": false,
	  "current": false,
	  "max": false,
	  "min": false,
	  "rightSide": true,
	  "show": true,
	  "sortDesc": true,
	  "total": false,
	  "values": false
	},
	"lines": true,
	"linewidth": 1,
	"links": [],
	"nullPointMode": "null",
	"percentage": false,
	"pointradius": 5,
	"points": false,
	"renderer": "flot",
	"seriesOverrides": [],
	"spaceLength": 10,
	"stack": false,
	"steppedLine": false,
	"targets": [
	  {
	    "expr": "node_memory_MemTotal_bytes{pg_cluster=\"[[cluster]]\", instance=\"[[pod]]\"}",
	    "format": "time_series",
	    "intervalFactor": 2,
	    "legendFormat": "Total",
	    "refId": "A",
	    "step": 2
	  },
	  {
	    "expr": "node_memory_MemAvailable_bytes{pg_cluster=\"[[cluster]]\", instance=\"[[pod]]\"}",
	    "format": "time_series",
	    "intervalFactor": 2,
	    "legendFormat": "Available",
	    "metric": "node_memory_Mem",
	    "refId": "B",
	    "step": 2
	  },
	  {
	    "expr": "node_memory_MemFree_bytes{pg_cluster=\"[[cluster]]\", instance=\"[[pod]]\"}",
	    "format": "time_series",
	    "intervalFactor": 2,
	    "legendFormat": "Free",
	    "metric": "node_memory_MemFree",
	    "refId": "C",
	    "step": 2
	  }
	],
	"thresholds": [],
	"timeFrom": null,
	"timeRegions": [],
	"timeShift": null,
	"title": "Memory",
	"tooltip": {
	  "shared": false,
	  "sort": 0,
	  "value_type": "individual"
	},
	"type": "graph",
	"xaxis": {
	  "buckets": null,
	  "mode": "time",
	  "name": null,
	  "show": true,
	  "values": [
	    "total"
	  ]
	},
	"yaxes": [
	  {
	    "format": "decbytes",
	    "label": null,
	    "logBase": 1,
	    "max": null,
	    "min": null,
	    "show": true
	  },
	  {
	    "format": "short",
	    "label": null,
	    "logBase": 1,
	    "max": null,
	    "min": null,
	    "show": true
	  }
	],
	"yaxis": {
	  "align": false,
	  "alignLevel": null
	}
      },
      {
	"aliasColors": {},
	"bars": false,
	"dashLength": 10,
	"dashes": false,
	"datasource": "PROMETHEUS",
	"fill": 1,
	"gridPos": {
	  "h": 7,
	  "w": 12,
	  "x": 12,
	  "y": 34
	},
	"id": 23,
	"legend": {
	  "alignAsTable": true,
	  "avg": false,
	  "current": false,
	  "max": false,
	  "min": false,
	  "rightSide": true,
	  "show": true,
	  "total": false,
	  "values": false
	},
	"lines": true,
	"linewidth": 1,
	"links": [],
	"nullPointMode": "null",
	"percentage": false,
	"pointradius": 5,
	"points": false,
	"renderer": "flot",
	"seriesOverrides": [],
	"spaceLength": 10,
	"stack": false,
	"steppedLine": false,
	"targets": [
	  {
	    "expr": "node_memory_SwapCached_bytes{pg_cluster=\"[[cluster]]\",instance=\"[[pod]]\"}",
	    "format": "time_series",
	    "intervalFactor": 2,
	    "legendFormat": "Used",
	    "refId": "A",
	    "step": 2
	  },
	  {
	    "expr": "node_memory_SwapFree_bytes{pg_cluster=\"[[cluster]]\",instance=\"[[pod]]\"}",
	    "format": "time_series",
	    "intervalFactor": 2,
	    "legendFormat": "Free",
	    "refId": "B",
	    "step": 2
	  },
	  {
	    "expr": "node_memory_SwapTotal_bytes{pg_cluster=\"[[cluster]]\",instance=\"[[pod]]\"}",
	    "format": "time_series",
	    "intervalFactor": 2,
	    "legendFormat": "Total",
	    "refId": "C",
	    "step": 2
	  }
	],
	"thresholds": [],
	"timeFrom": null,
	"timeRegions": [],
	"timeShift": null,
	"title": "SWAP",
	"tooltip": {
	  "shared": true,
	  "sort": 0,
	  "value_type": "individual"
	},
	"type": "graph",
	"xaxis": {
	  "buckets": null,
	  "mode": "time",
	  "name": null,
	  "show": true,
	  "values": []
	},
	"yaxes": [
	  {
	    "format": "decbytes",
	    "label": null,
	    "logBase": 1,
	    "max": null,
	    "min": null,
	    "show": true
	  },
	  {
	    "format": "short",
	    "label": null,
	    "logBase": 1,
	    "max": null,
	    "min": null,
	    "show": true
	  }
	],
	"yaxis": {
	  "align": false,
	  "alignLevel": null
	}
      },
      {
	"aliasColors": {},
	"bars": false,
	"dashLength": 10,
	"dashes": false,
	"datasource": "PROMETHEUS",
	"fill": 1,
	"gridPos": {
	  "h": 7,
	  "w": 24,
	  "x": 0,
	  "y": 41
	},
	"hideTimeOverride": false,
	"id": 19,
	"legend": {
	  "alignAsTable": true,
	  "avg": false,
	  "current": false,
	  "max": false,
	  "min": false,
	  "rightSide": true,
	  "show": true,
	  "total": false,
	  "values": false
	},
	"lines": true,
	"linewidth": 1,
	"links": [],
	"nullPointMode": "null",
	"percentage": false,
	"pointradius": 5,
	"points": false,
	"renderer": "flot",
	"seriesOverrides": [],
	"spaceLength": 10,
	"stack": false,
	"steppedLine": false,
	"targets": [
	  {
	    "expr": "sum by (mode)(irate(node_cpu_seconds_total{mode=\"system\",pg_cluster=~\"[[cluster]]\",instance=~\"[[pod]]\"}[5m]))",
	    "format": "time_series",
	    "hide": false,
	    "interval": "",
	    "intervalFactor": 2,
	    "legendFormat": "{{mode}}",
	    "metric": "",
	    "refId": "E",
	    "step": 2
	  },
	  {
	    "expr": "sum by (mode)(irate(node_cpu_seconds_total{mode=\"user\",pg_cluster=~\"[[cluster]]\",instance=~\"[[pod]]\"}[5m]))",
	    "format": "time_series",
	    "hide": false,
	    "intervalFactor": 2,
	    "legendFormat": "{{mode}}",
	    "refId": "A",
	    "step": 2
	  },
	  {
	    "expr": "sum by (mode)(irate(node_cpu_seconds_total{mode=\"idle\",pg_cluster=~\"[[cluster]]\",instance=~\"[[pod]]\"}[5m]))",
	    "format": "time_series",
	    "intervalFactor": 2,
	    "legendFormat": "{{mode}}",
	    "refId": "B"
	  },
	  {
	    "expr": "sum by (mode)(irate(node_cpu_seconds_total{mode=\"iowait\",pg_cluster=~\"[[cluster]]\",instance=~\"[[pod]]\"}[5m]))",
	    "format": "time_series",
	    "intervalFactor": 2,
	    "legendFormat": "{{mode}}",
	    "refId": "C"
	  }
	],
	"thresholds": [],
	"timeFrom": null,
	"timeRegions": [],
	"timeShift": null,
	"title": "CPU",
	"tooltip": {
	  "shared": false,
	  "sort": 0,
	  "value_type": "individual"
	},
	"type": "graph",
	"xaxis": {
	  "buckets": null,
	  "mode": "time",
	  "name": null,
	  "show": true,
	  "values": [
	    "total"
	  ]
	},
	"yaxes": [
	  {
	    "format": "short",
	    "label": "",
	    "logBase": 1,
	    "max": "100",
	    "min": "0",
	    "show": true
	  },
	  {
	    "format": "short",
	    "label": null,
	    "logBase": 1,
	    "max": null,
	    "min": null,
	    "show": true
	  }
	],
	"yaxis": {
	  "align": false,
	  "alignLevel": null
	}
      }
    ],
    "refresh": "5s",
    "style": "dark",
    "tags": [],
    "templating": {
      "list": [
	{
	  "allValue": null,
	  "current": {
	    "selected": true,
	    "text": "metrics-1",
	    "value": "metrics-1"
	  },
	  "datasource": "PROMETHEUS",
	  "definition": "",
	  "hide": 0,
	  "includeAll": false,
	  "label": "cluster",
	  "multi": true,
	  "name": "cluster",
	  "options": [],
	  "query": "label_values(pg_cluster)",
	  "refresh": 1,
	  "regex": "",
	  "skipUrlSync": false,
	  "sort": 0,
	  "tagValuesQuery": "",
	  "tags": [],
	  "tagsQuery": "",
	  "type": "query",
	  "useTags": false
	},
	{
	  "allValue": ".*",
	  "current": {
	    "text": "All",
	    "value": "$__all"
	  },
	  "datasource": "PROMETHEUS",
	  "definition": "",
	  "hide": 0,
	  "includeAll": true,
	  "label": "pod",
	  "multi": true,
	  "name": "pod",
	  "options": [],
	  "query": "label_values({pg_cluster=\"[[cluster]]\"},instance)",
	  "refresh": 1,
	  "regex": "",
	  "skipUrlSync": false,
	  "sort": 1,
	  "tagValuesQuery": "",
	  "tags": [],
	  "tagsQuery": "",
	  "type": "query",
	  "useTags": false
	},
	{
	  "allValue": ".*",
	  "current": {
	    "text": "All",
	    "value": "$__all"
	  },
	  "datasource": "PROMETHEUS",
	  "definition": "",
	  "hide": 0,
	  "includeAll": true,
	  "label": "Database",
	  "multi": true,
	  "name": "datname",
	  "options": [],
	  "query": "label_values({pg_cluster=\"[[cluster]]\" ,instance=\"[[pod]]\"},datname)",
	  "refresh": 1,
	  "regex": "",
	  "skipUrlSync": false,
	  "sort": 1,
	  "tagValuesQuery": "",
	  "tags": [],
	  "tagsQuery": "",
	  "type": "query",
	  "useTags": false
	}
      ]
    },
    "time": {
      "from": "now-5m",
      "to": "now"
    },
    "timepicker": {
      "refresh_intervals": [
	"5s",
	"10s",
	"30s",
	"1m",
	"5m",
	"15m",
	"30m",
	"1h",
	"2h",
	"1d"
      ],
      "time_options": [
	"5m",
	"15m",
	"1h",
	"6h",
	"12h",
	"24h",
	"2d",
	"7d",
	"30d"
      ]
    },
    "timezone": "browser",
    "title": "PostgreSQLDetails",
    "uid": "pgdetails",
    "Name": "PostgreSQLDetails"
  }
}
