{
  "dashboard": {
    "annotations": {
      "list": [
	{
	  "builtIn": 1,
	  "datasource": "-- Grafana --",
	  "enable": true,
	  "hide": true,
	  "iconColor": "rgba(0, 211, 255, 1)",
	  "name": "Annotations & Alerts",
	  "type": "dashboard"
	}
      ]
    },
    "overwrite": true,
    "folderId": 0,
    "editable": true,
    "gnetId": null,
    "graphTooltip": 0,
    "iteration": 1533066284867,
    "links": [],
    "panels": [
      {
	"aliasColors": {},
	"bars": false,
	"dashLength": 10,
	"dashes": false,
	"datasource": "PROMETHEUS",
	"fill": 1,
	"gridPos": {
	  "h": 7,
	  "w": 24,
	  "x": 0,
	  "y": 0
	},
	"id": 1,
	"legend": {
	  "avg": false,
	  "current": false,
	  "max": false,
	  "min": false,
	  "show": true,
	  "total": false,
	  "values": false
	},
	"lines": true,
	"linewidth": 1,
	"links": [],
	"nullPointMode": "null",
	"percentage": false,
	"pointradius": 5,
	"points": false,
	"renderer": "flot",
	"seriesOverrides": [],
	"spaceLength": 10,
	"stack": false,
	"steppedLine": false,
	"targets": [
	  {
	    "expr": "ccp_table_size_size_bytes{job=\"[[jobname]]\", dbname=\"[[dbname]]\", schemaname=\"[[schemaname]]\", relname=\"[[tablename]]\"}",
	    "format": "time_series",
	    "intervalFactor": 2,
	    "legendFormat": "{{dbname}}.{{schemaname}}.{{relname}}",
	    "refId": "A",
	    "step": 30
	  }
	],
	"thresholds": [],
	"timeFrom": null,
	"timeShift": null,
	"title": "Table Size",
	"tooltip": {
	  "shared": true,
	  "sort": 0,
	  "value_type": "individual"
	},
	"type": "graph",
	"xaxis": {
	  "buckets": null,
	  "mode": "time",
	  "name": null,
	  "show": true,
	  "values": []
	},
	"yaxes": [
	  {
	    "format": "decbytes",
	    "label": null,
	    "logBase": 1,
	    "max": null,
	    "min": null,
	    "show": true
	  },
	  {
	    "format": "short",
	    "label": null,
	    "logBase": 1,
	    "max": null,
	    "min": null,
	    "show": false
	  }
	],
	"yaxis": {
	  "align": false,
	  "alignLevel": null
	}
      }
    ],
    "schemaVersion": 16,
    "style": "dark",
    "tags": [],
    "templating": {
      "list": [
	{
	  "allValue": null,
	  "current": {
	    "text": "Prod",
	    "value": "Prod"
	  },
	  "datasource": "PROMETHEUS",
	  "hide": 0,
	  "includeAll": false,
	  "label": null,
	  "multi": false,
	  "name": "jobname",
	  "options": [],
	  "query": "label_values(job)",
	  "refresh": 1,
	  "regex": "",
	  "sort": 1,
	  "tagValuesQuery": "",
	  "tags": [],
	  "tagsQuery": "",
	  "type": "query",
	  "useTags": false
	},
	{
	  "allValue": null,
	  "current": {
	    "text": "postgres",
	    "value": "postgres"
	  },
	  "datasource": "PROMETHEUS",
	  "hide": 0,
	  "includeAll": false,
	  "label": null,
	  "multi": false,
	  "name": "dbname",
	  "options": [],
	  "query": "label_values(ccp_table_size_size_bytes{job=\"[[jobname]]\"},dbname)",
	  "refresh": 1,
	  "regex": "",
	  "sort": 1,
	  "tagValuesQuery": "",
	  "tags": [],
	  "tagsQuery": "",
	  "type": "query",
	  "useTags": false
	},
	{
	  "allValue": null,
	  "current": {
	    "text": "information_schema",
	    "value": "information_schema"
	  },
	  "datasource": "PROMETHEUS",
	  "hide": 0,
	  "includeAll": false,
	  "label": null,
	  "multi": false,
	  "name": "schemaname",
	  "options": [],
	  "query": "label_values(ccp_table_size_size_bytes{job=\"[[jobname]]\",dbname=\"[[dbname]]\"},schemaname)",
	  "refresh": 1,
	  "regex": "",
	  "sort": 1,
	  "tagValuesQuery": "",
	  "tags": [],
	  "tagsQuery": "",
	  "type": "query",
	  "useTags": false
	},
	{
	  "allValue": null,
	  "current": {
	    "text": "sql_features",
	    "value": "sql_features"
	  },
	  "datasource": "PROMETHEUS",
	  "hide": 0,
	  "includeAll": false,
	  "label": null,
	  "multi": false,
	  "name": "tablename",
	  "options": [],
	  "query": "label_values(ccp_table_size_size_bytes{job=\"[[jobname]]\",dbname=\"[[dbname]]\",schemaname=\"[[schemaname]]\"},relname)",
	  "refresh": 1,
	  "regex": "",
	  "sort": 1,
	  "tagValuesQuery": "",
	  "tags": [],
	  "tagsQuery": "",
	  "type": "query",
	  "useTags": false
	}
      ]
    },
    "time": {
      "from": "now-2d",
      "to": "now"
    },
    "timepicker": {
      "refresh_intervals": [
	"5s",
	"10s",
	"30s",
	"1m",
	"5m",
	"15m",
	"30m",
	"1h",
	"2h",
	"1d"
      ],
      "time_options": [
	"5m",
	"15m",
	"1h",
	"6h",
	"12h",
	"24h",
	"2d",
	"7d",
	"30d"
      ]
    },
    "timezone": "browser",
    "title": "TableSize_Detail",
    "uid": "tablesize_details",
    "Name": "tablesize_details"
  }
}
