{
  "bastion": {
    "cpu": "2",
    "memory": "2048",
    "mac": "00:50:56:2B:B7:10",
    "ip": "172.17.5.5",
    "netmask": "255.255.255.0",
    "prefix": "24",
    "gateway": "172.17.5.2",
    "dns": [""],
    "domain": "ocp4.local",
    "net": "vmnet10",
    "iface": "ens160",
    "disk": "500",
    "cdrom": "a.iso",
    "firmware": "bios",
    "os": "rhel8",
    "sharefolders": [
      {
        "hostdir": "/home/spuranam/iso",
        "guestdir": "iso"
      }
    ]
  },
  "test": {
    "cpu": "2",
    "memory": "2048",
    "mac": "00:50:56:2B:B7:20",
    "ip": "172.17.5.6",
    "prefix": "24",
    "gateway": "172.17.5.2",
    "dns": [""],
    "domain": "ocp4.local",
    "net": "vmnet10",
    "iface": "ens160",
    "disk": "500",
    "os": "rhel8",
    "firmware": "efi"
  },
  "bootstrap": {
    "cpu": "2",
    "memory": "2048",
    "mac": "00:50:56:2B:B7:30",
    "ip": "172.17.5.10",
    "prefix": "24",
    "gateway": "172.17.5.2",
    "dns": [""],
    "domain": "ocp4.local",
    "net": "vmnet10",
    "iface": "ens160",
    "disk": "500",
    "os": "rhcos",
    "firmware": "efi"
  },
  "master-0": {
    "cpu": "6",
    "memory": "12288",
    "mac": "00:50:56:2B:B7:40",
    "ip": "172.17.5.20",
    "prefix": "24",
    "gateway": "172.17.5.2",
    "net": "vmnet10",
    "dns": [""],
    "domain": "ocp4.local",
    "iface": "ens160",
    "disk": "500",
    "os": "rhcos",
    "firmware": "efi"
  },
  "worker-0": {
    "cpu": "2",
    "memory": "8192",
    "mac": "00:50:56:2B:B7:50",
    "ip": "172.17.5.30",
    "prefix": "24",
    "gateway": "172.17.5.2",
    "dns": [""],
    "domain": "ocp4.local",
    "net": "vmnet10",
    "iface": "ens160",
    "disk": "500",
    "os": "rhcos",
    "firmware": "efi"
  }
}