{
    "apiVersion": "rbac.authorization.k8s.io/v1beta1",
    "kind": "ClusterRole",
    "metadata": {
        "name": "prometheus-cr"
    },
    "rules": [
        {
            "apiGroups": [
                ""
            ],
            "resources": [
                "pods"
            ],
            "verbs": [
                "get",
                "list",
                "watch"
            ]
        },
        {
            "nonResourceURLs": [
                "/metrics"
            ],
            "verbs": [
                "get",
                "list",
                "watch"
            ]
        }
    ]
}
{
    "apiVersion": "rbac.authorization.k8s.io/v1beta1",
    "kind": "ClusterRoleBinding",
    "metadata": {
        "name": "prometheus-$MON_NAMESPACE-crb"
    },
    "roleRef": {
        "apiGroup": "rbac.authorization.k8s.io",
        "kind": "ClusterRole",
        "name": "prometheus-cr"
    },
    "subjects": [
        {
            "kind": "ServiceAccount",
            "name": "prometheus-sa",
            "namespace": "$MON_NAMESPACE"
        }
    ]
}
