{
    "kind": "PersistentVolumeClaim",
    "apiVersion": "v1",
    "metadata": {
        "name": "monitoring-$MON_NAMESPACE-prometheusdata"
    },
    "spec": {
      "accessModes": [
        "$CCP_STORAGE_MODE"
      ],
      "storageClassName": "$CCP_STORAGE_CLASS",
      "resources": {
        "requests": {
          "storage": "$CCP_STORAGE_CAPACITY"
        }
      }
    }
}

{
    "kind": "PersistentVolumeClaim",
    "apiVersion": "v1",
    "metadata": {
        "name": "monitoring-$MON_NAMESPACE-grafanadata"
    },
    "spec": {
      "accessModes": [
        "$CCP_STORAGE_MODE"
      ],
      "storageClassName": "$CCP_STORAGE_CLASS",
      "resources": {
        "requests": {
          "storage": "$CCP_STORAGE_CAPACITY"
        }
      }
    }
}
