{
    "kind": "Service",
    "apiVersion": "v1",
    "metadata": {
        "name": "monitoring",
        "labels": {
            "name": "monitoring"
        }
    },
    "spec": {
        "ports": [
            {
                "name": "prometheus",
                "protocol": "TCP",
                "port": 9090,
                "targetPort": 9090
            },
            {
                "name": "grafana",
                "protocol": "TCP",
                "port": 3000,
                "targetPort": 3000
            },
            {
                "name": "alertmanager",
                "protocol": "TCP",
                "port": 9093,
                "targetPort": 9093
            }
        ],
        "selector": {
            "name": "monitoring"
        },
        "type": "$SERVICE_TYPE",
        "sessionAffinity": "None"
    }
}
