{
    "description":"This box contains RHEL 8 Linux.",
    "short_description":"This box contains RHEL 8 Linux.",
    "name":"ford-rhel8",
    "versions":[
        {
            "version":"2019.06.17",
            "status":"active",
            "description_html":"<p>RHEL v8</p>\n",
            "description_markdown":"RHEL v8",
            "providers":[
              {
                "name":"virtualbox",
                "url":"https://files.caas.ford.com:9443/vagrant/boxes/ford-rhel8-2019.06.17.virtualbox.box",
                "checksum_type": "sha256",
                "checksum": "194224028cb0cabf9f130a830d01e66dc15b2e6e79dc95fa9c97645ae72db003"
              }
            ]
        }
    ]
  }
