{
    "description":"This box contains RHEL 7 Linux.",
    "short_description":"This box contains RHEL 7 Linux.",
    "name":"ford-rhel7",
    "versions":[
      {
        "version":"2019.09.08",
        "status":"active",
        "description_html":"<p>Redhat Enterprise Linux v7.7</p>\n",
        "description_markdown":"Redhat Enterprise Linux v7.7",
        "providers":[
            {
              "name":"virtualbox",
              "url":"https://files.caas.ford.com:9443/vagrant/boxes/ford-rhel7-2019.09.08.virtualbox.box",
              "checksum_type": "sha256",
              "checksum": "d8c107d666b291914b9629e48ebf9d3c00e5835f64be6f686808d5add1d21218"
            }
          ]
      },
      {
        "version":"2019.08.15",
        "status":"active",
        "description_html":"<p>Redhat Enterprise Linux v7.7</p>\n",
        "description_markdown":"Redhat Enterprise Linux v7.7",
        "providers":[
            {
              "name":"virtualbox",
              "url":"https://files.caas.ford.com:9443/vagrant/boxes/ford-rhel7-2019.08.15.virtualbox.box",
              "checksum_type": "sha256",
              "checksum": "b0a7a310b8170992bee23bd5eb9e5db1826c9d7a7b15ec29a5900d70fb19c95d"
            }
          ]
      }
    ]
  }
