{
    "description":"This box contains Centos 7 Linux.",
    "short_description":"This box contains Centos 7 Linux.",
    "name":"ford-centos7",
    "versions":[
        {
            "version":"2019.06.16",
            "status":"active",
            "description_html":"<p>Centos v7.6</p>\n",
            "description_markdown":"Centos v7.6",
            "providers":[
              {
                "name":"virtualbox",
                "url":"https://files.caas.ford.com:9443/vagrant/boxes/ford-centos7-2019.06.16.virtualbox.box",
                "checksum_type": "sha256",
                "checksum": "18f2fd3b3dd1cf2de7156cc5874074ab82897600b8f341023107764ae62be8f7"
              }
            ]
        }
    ]
  }
