{
    "description":"This box contains Fedora 29 Linux.",
    "short_description":"This box contains Fedora 29 Linux.",
    "name":"ford-fedora29",
    "versions":[
        {
            "version":"2019.03.19",
            "status":"active",
            "description_html":"<p>Fedora 29</p>\n",
            "description_markdown":"Fedora 29",
            "providers":[
              {
                "name":"virtualbox",
                "url":"https://files.caas.ford.com:9443/vagrant/boxes/ford-fedora29-2019.03.19.virtualbox.box",
                "checksum_type": "sha256",
                "checksum": "e10e4a406bc5180f808aea55cb1c8320537406d9d148fc3cf24197dca9eda274"
              }
            ]
        }
    ]
  }
