{
    "description":"This box contains RHEL 7 Linux.",
    "short_description":"This box contains RHEL 7 Linux.",
    "name":"openshift-enterprise-build-host-3.11",
    "versions":[
      {
        "version":"3.11.141-1",
        "status":"active",
        "description_html":"<p>OpenShift build-host for Redhat Enterprise Linux v7.7</p>\n",
        "description_markdown":"OpenShift build-host for Redhat Enterprise Linux v7.7",
        "providers":[
          {
            "name":"virtualbox",
            "url":"https://files.caas.ford.com:9443/vagrant/boxes/openshift-enterprise-build-host-3.11.141-1.virtualbox.box",
            "checksum_type": "sha256",
            "checksum": "cdcbca07c3e821390bb6e29158e7a7d3334e0a091088e04fe3346dc53e2a908e"
          }
        ]
      },
      {
        "version":"3.11.135-1",
        "status":"active",
        "description_html":"<p>OpenShift build-host for Redhat Enterprise Linux v7.7</p>\n",
        "description_markdown":"OpenShift build-host for Redhat Enterprise Linux v7.7",
        "providers":[
          {
            "name":"virtualbox",
            "url":"https://files.caas.ford.com:9443/vagrant/boxes/openshift-enterprise-build-host-3.11.135-1.virtualbox.box",
            "checksum_type": "sha256",
            "checksum": "d56fb8eb74ea59f1f88f77b8cf5f864095ac29a45dfcc06a17d7a5b235e7f866"
          }
        ]
      },
      {
        "version":"3.11.129-1",
        "status":"inactive",
        "description_html":"<p>OpenShift build-host for Redhat Enterprise Linux v7.6</p>\n",
        "description_markdown":"OpenShift build-host for Redhat Enterprise Linux v7.6",
        "providers":[
          {
            "name":"virtualbox",
            "url":"https://files.caas.ford.com:9443/vagrant/boxes/openshift-enterprise-build-host-3.11.129-1.virtualbox.box",
            "checksum_type": "sha256",
            "checksum": "eaffb51c822fb5929d83f04025df27820283de9d0550980ca38de0f3f22713d5"
          }
        ]
      }
    ]
  }
