{
  "description":"This box contains OpenShift Enterprise v3.11 with basic-cnx profile",
  "short_description":"This box contains OpenShift Enterprise v3.11 with basic-cnx profile",
  "name":"openshift-enterprise-basic-cnx-3.11",
  "versions":[
    {
      "version":"3.11.141-1",
      "status":"active",
      "description_html":"<p>OpenShift v3.11.141</p>\n",
      "description_markdown":"OpenShift v3.11.141",
      "providers":[
        {
          "name":"virtualbox",
          "url":"https://files.caas.ford.com:9443/vagrant/boxes/openshift-enterprise-basic-cnx-3.11.141-1.virtualbox.box",
          "checksum_type": "sha256",
          "checksum": "f5236bb9fe50de10a7ce6ec2ee2f6f6b745a666ef866bc50be1a1eb1048cd2d0"
        }
      ]
    },
    {
      "version":"3.11.135-1",
      "status":"active",
      "description_html":"<p>OpenShift v3.11.135</p>\n",
      "description_markdown":"OpenShift v3.11.135",
      "providers":[
        {
          "name":"virtualbox",
          "url":"https://files.caas.ford.com:9443/vagrant/boxes/openshift-enterprise-basic-cnx-3.11.135-1.virtualbox.box",
          "checksum_type": "sha256",
          "checksum": "79168044edaa25964ecf9e4ba5c09f515079ced3914b18c952156517c6a2ef14"
        }
      ]
    },
    {
      "version":"3.11.129-1",
      "status":"inactive",
      "description_html":"<p>OpenShift v3.11.129</p>\n",
      "description_markdown":"OpenShift v3.11.129",
      "providers":[
        {
          "name":"virtualbox",
          "url":"https://files.caas.ford.com:9443/vagrant/boxes/openshift-enterprise-basic-cnx-3.11.129-1.virtualbox.box",
          "checksum_type": "sha256",
          "checksum": "59b1a6c411c7fc157c19f8d03983f4a8d907a7ea18efa95098989e9c60edb286"
        }
      ]
    }
  ]
}
