{
    "type": "ServerProfileTemplateV5",
    "serverProfileDescription": "caas template",
    "serverHardwareTypeUri": "/rest/server-hardware-types/83106DAC-C3E3-4671-92B9-A66B3C9E6ADD",
    "enclosureGroupUri": "/rest/enclosure-groups/19eaa00d-90dc-4bde-8ff3-6b8ba7d43402",
    "serialNumberType": "Physical",
    "macType": "Virtual",
    "wwnType": "Virtual",
    "name": "caas-template2",
    "description": "caas template",
    "affinity": "Bay",
    "connectionSettings": {
        "connections": [
            {
                "id": 1,
                "name": "CAAS-primary-a",
                "functionType": "Ethernet",
                "portId": "Mezz 3:1-a",
                "requestedMbps": "2500",
                "networkUri": "/rest/network-sets/7ff2e5c7-f60a-4c40-ae03-d16fe1c334da",
                "lagName": null,
                "requestedVFs": "0",
                "ipv4": {},
                "boot": {
                    "priority": "Primary",
                    "ethernetBootType": "PXE",
                    "iscsi": {}
                }
            },
            {
                "id": 2,
                "name": "CAAS-secondary-a",
                "functionType": "Ethernet",
                "portId": "Mezz 2:1-a",
                "requestedMbps": "2500",
                "networkUri": "/rest/network-sets/7ff2e5c7-f60a-4c40-ae03-d16fe1c334da",
                "lagName": null,
                "requestedVFs": "0",
                "ipv4": {},
                "boot": {
                    "priority": "Secondary",
                    "ethernetBootType": "PXE",
                    "iscsi": {}
                }
            },
            {
                "id": 3,
                "name": "CAAS-primary-b",
                "functionType": "Ethernet",
                "portId": "Mezz 3:2-a",
                "requestedMbps": "2500",
                "networkUri": "/rest/network-sets/7ff2e5c7-f60a-4c40-ae03-d16fe1c334da",
                "lagName": null,
                "requestedVFs": "0",
                "ipv4": {},
                "boot": {
                    "priority": "NotBootable",
                    "iscsi": {}
                }
            },
            {
                "id": 4,
                "name": "CAAS-secondary-b",
                "functionType": "Ethernet",
                "portId": "Mezz 2:2-a",
                "requestedMbps": "2500",
                "networkUri": "/rest/network-sets/7ff2e5c7-f60a-4c40-ae03-d16fe1c334da",
                "lagName": null,
                "requestedVFs": "0",
                "ipv4": {},
                "boot": {
                    "priority": "NotBootable",
                    "iscsi": {}
                }
            }
        ],
        "manageConnections": true
    },
    "boot": {
        "manageBoot": true,
        "order": [
            "HardDisk"
        ]
    },
    "bootMode": {
        "manageMode": true,
        "mode": "UEFIOptimized",
        "secureBoot": "Disabled",
        "pxeBootPolicy": "IPv4"
    },
    "firmware": {
        "manageFirmware": false,
        "firmwareBaselineUri": "/rest/firmware-drivers/HPE_Synergy_Custom_SPP_2019_03_20190514_Z7550-96680",
        "forceInstallFirmware": false,
        "firmwareInstallType": "FirmwareOnlyOfflineMode",
        "firmwareActivationType": "Immediate"
    },
    "bios": {
        "manageBios": true,
        "overriddenSettings": [
            {
                "id": "WorkloadProfile",
                "value": "LowLatency"
            },
            {
                "id": "ProcX2Apic",
                "value": "Disabled"
            },
            {
                "id": "MemPatrolScrubbing",
                "value": "Disabled"
            },
            {
                "id": "ProcVirtualization",
                "value": "Disabled"
            },
            {
                "id": "IntelProcVtd",
                "value": "Disabled"
            },
            {
                "id": "Sriov",
                "value": "Disabled"
            },
            {
                "id": "PowerRegulator",
                "value": "StaticHighPerf"
            },
            {
                "id": "MinProcIdlePower",
                "value": "NoCStates"
            },
            {
                "id": "MinProcIdlePkgState",
                "value": "NoState"
            },
            {
                "id": "ProcTurbo",
                "value": "Disabled"
            },
            {
                "id": "EnergyPerfBias",
                "value": "MaxPerf"
            },
            {
                "id": "CollabPowerControl",
                "value": "Disabled"
            },
            {
                "id": "NumaGroupSizeOpt",
                "value": "Clustered"
            },
            {
                "id": "UncoreFreqScaling",
                "value": "Maximum"
            },
            {
                "id": "EnergyEfficientTurbo",
                "value": "Disabled"
            },
            {
                "id": "IntelUpiPowerManagement",
                "value": "Disabled"
            }
        ]
    },
    "hideUnusedFlexNics": true,
    "iscsiInitiatorNameType": "AutoGenerated",
    "localStorage": {
        "sasLogicalJBODs": [],
        "controllers": [
            {
                "logicalDrives": [
                    {
                        "name": "disk-config",
                        "raidLevel": "RAID1",
                        "bootable": false,
                        "numPhysicalDrives": 2,
                        "driveTechnology": "SataHdd",
                        "sasLogicalJBODId": null,
                        "accelerator": "Unmanaged"
                    }
                ],
                "deviceSlot": "Embedded",
                "mode": "Mixed",
                "initialize": true,
                "driveWriteCache": "Unmanaged"
            }
        ]
    },
    "sanStorage": null,
    "osDeploymentSettings": null,
    "initialScopeUris": [
        "/rest/scopes/561c9eee-96e7-4560-a793-4ff897e1d0b1"
    ]
}