{
  "__inputs": [
    {
      "name": "DS_OPENSHIFT-MONITORING-DATASOURCE",
      "label": "openshift-monitoring-datasource",
      "description": "",
      "type": "datasource",
      "pluginId": "prometheus",
      "pluginName": "Prometheus"
    },
    {
      "name": "VAR_COSTCPU",
      "type": "constant",
      "label": "CPU",
      "value": "17.78",
      "description": ""
    },
    {
      "name": "VAR_COSTPCPU",
      "type": "constant",
      "label": "PE CPU",
      "value": "17.78",
      "description": ""
    },
    {
      "name": "VAR_COSTRAM",
      "type": "constant",
      "label": "RAM",
      "value": "2.38",
      "description": ""
    },
    {
      "name": "VAR_COSTPRAM",
      "type": "constant",
      "label": "PE RAM",
      "value": "2.38",
      "description": ""
    },
    {
      "name": "VAR_COSTSTORAGESTANDARD",
      "type": "constant",
      "label": "Storage",
      "value": "0.044",
      "description": ""
    },
    {
      "name": "VAR_COSTSTORAGESSD",
      "type": "constant",
      "label": "SSD",
      "value": "0.187",
      "description": ""
    },
    {
      "name": "VAR_COSTDISCOUNT",
      "type": "constant",
      "label": "Disc.",
      "value": "0",
      "description": ""
    }
  ],
  "__requires": [
    {
      "type": "grafana",
      "id": "grafana",
      "name": "Grafana",
      "version": "6.3.3"
    },
    {
      "type": "panel",
      "id": "graph",
      "name": "Graph",
      "version": ""
    },
    {
      "type": "datasource",
      "id": "prometheus",
      "name": "Prometheus",
      "version": "1.0.0"
    },
    {
      "type": "panel",
      "id": "table",
      "name": "Table",
      "version": ""
    }
  ],
  "annotations": {
    "list": [
      {
        "builtIn": 1,
        "datasource": "-- Grafana --",
        "enable": true,
        "hide": true,
        "iconColor": "rgba(0, 211, 255, 1)",
        "name": "Annotations & Alerts",
        "type": "dashboard"
      }
    ]
  },
  "description": "Part 3 of 3 dashboards to help you visualize your OpenShift costs.",
  "editable": true,
  "gnetId": 6879,
  "graphTooltip": 0,
  "id": null,
  "iteration": 1566115885671,
  "links": [],
  "panels": [
    {
      "columns": [
        {
          "text": "Avg",
          "value": "avg"
        }
      ],
      "datasource": "${DS_OPENSHIFT-MONITORING-DATASOURCE}",
      "fontSize": "100%",
      "gridPos": {
        "h": 6,
        "w": 24,
        "x": 0,
        "y": 0
      },
      "hideTimeOverride": true,
      "id": 73,
      "links": [],
      "options": {},
      "pageSize": 3,
      "repeat": null,
      "repeatDirection": "v",
      "scroll": true,
      "showHeader": true,
      "sort": {
        "col": 6,
        "desc": true
      },
      "styles": [
        {
          "alias": "Container",
          "colorMode": null,
          "colors": [
            "rgba(245, 54, 54, 0.9)",
            "rgba(50, 172, 45, 0.97)",
            "#c15c17"
          ],
          "dateFormat": "YYYY-MM-DD HH:mm:ss",
          "decimals": 2,
          "link": false,
          "pattern": "container_name",
          "thresholds": [
            "30",
            "80"
          ],
          "type": "string",
          "unit": "currencyUSD"
        },
        {
          "alias": "RAM",
          "colorMode": null,
          "colors": [
            "rgba(245, 54, 54, 0.9)",
            "rgba(237, 129, 40, 0.89)",
            "rgba(50, 172, 45, 0.97)"
          ],
          "dateFormat": "YYYY-MM-DD HH:mm:ss",
          "decimals": 2,
          "pattern": "Value #B",
          "thresholds": [],
          "type": "number",
          "unit": "currencyUSD"
        },
        {
          "alias": "CPU",
          "colorMode": null,
          "colors": [
            "rgba(245, 54, 54, 0.9)",
            "rgba(237, 129, 40, 0.89)",
            "rgba(50, 172, 45, 0.97)"
          ],
          "dateFormat": "YYYY-MM-DD HH:mm:ss",
          "decimals": 2,
          "mappingType": 1,
          "pattern": "Value #A",
          "thresholds": [],
          "type": "number",
          "unit": "currencyUSD"
        },
        {
          "alias": "",
          "colorMode": null,
          "colors": [
            "rgba(245, 54, 54, 0.9)",
            "rgba(237, 129, 40, 0.89)",
            "rgba(50, 172, 45, 0.97)"
          ],
          "dateFormat": "YYYY-MM-DD HH:mm:ss",
          "decimals": 2,
          "mappingType": 1,
          "pattern": "Time",
          "thresholds": [],
          "type": "hidden",
          "unit": "short"
        },
        {
          "alias": "Storage",
          "colorMode": null,
          "colors": [
            "rgba(245, 54, 54, 0.9)",
            "rgba(237, 129, 40, 0.89)",
            "rgba(50, 172, 45, 0.97)"
          ],
          "dateFormat": "YYYY-MM-DD HH:mm:ss",
          "decimals": 2,
          "mappingType": 1,
          "pattern": "Value #C",
          "thresholds": [],
          "type": "number",
          "unit": "currencyUSD"
        },
        {
          "alias": "Total",
          "colorMode": null,
          "colors": [
            "rgba(245, 54, 54, 0.9)",
            "rgba(237, 129, 40, 0.89)",
            "rgba(50, 172, 45, 0.97)"
          ],
          "dateFormat": "YYYY-MM-DD HH:mm:ss",
          "decimals": 2,
          "mappingType": 1,
          "pattern": "Value #D",
          "thresholds": [],
          "type": "number",
          "unit": "currencyUSD"
        },
        {
          "alias": "CPU Utilisation",
          "colorMode": "value",
          "colors": [
            "#bf1b00",
            "rgba(50, 172, 45, 0.97)",
            "#ef843c"
          ],
          "dateFormat": "YYYY-MM-DD HH:mm:ss",
          "decimals": 2,
          "mappingType": 1,
          "pattern": "Value #E",
          "thresholds": [
            "30",
            "80"
          ],
          "type": "number",
          "unit": "percent"
        },
        {
          "alias": "RAM Utilisation",
          "colorMode": "value",
          "colors": [
            "rgba(245, 54, 54, 0.9)",
            "rgba(50, 172, 45, 0.97)",
            "#ef843c"
          ],
          "dateFormat": "YYYY-MM-DD HH:mm:ss",
          "decimals": 2,
          "mappingType": 1,
          "pattern": "Value #F",
          "thresholds": [
            "30",
            "80"
          ],
          "type": "number",
          "unit": "percent"
        }
      ],
      "targets": [
        {
          "expr": "(\n  sum(container_spec_cpu_shares{namespace=\"$namespace\",pod_name=\"$pod\",container_name!=\"POD\",cloud_google_com_gke_preemptible!=\"true\"}/1000*($costcpu - ($costcpu / 100 * $costDiscount))) by(container_name)\n  or\n  count(\n    count(container_spec_cpu_shares{namespace=\"$namespace\",container_name!=\"POD\",pod_name=\"$pod\"}) by(container_name)\n  ) by(container_name) -1\n)\n\n+\n\n(\n  sum(container_spec_cpu_shares{namespace=\"$namespace\",pod_name=\"$pod\",container_name!=\"POD\",cloud_google_com_gke_preemptible=\"true\"}/1000*$costpcpu) by(container_name)\n  or\n  count(\n    count(container_spec_cpu_shares{namespace=\"$namespace\",pod_name=\"$pod\",container_name!=\"POD\"}) by(container_name)\n  ) by(container_name) -1\n)",
          "format": "table",
          "hide": false,
          "instant": true,
          "interval": "",
          "intervalFactor": 1,
          "legendFormat": "{{ pod_name }}",
          "refId": "A"
        },
        {
          "expr": "sum(\n   count(count(container_spec_cpu_shares{namespace=\"$namespace\",pod_name=\"$pod\",container_name!=\"POD\"}) by (container_name)) by (container_name)  \n   * on (container_name) \n   sum(irate(container_cpu_usage_seconds_total{namespace=\"$namespace\",pod_name=\"$pod\",container_name!=\"POD\"}[1m])) by (container_name)\n) by (container_name) * 1000\n/\nsum(container_spec_cpu_shares{namespace=\"$namespace\",pod_name=\"$pod\",container_name!=\"POD\"}) by (container_name) * 100",
          "format": "table",
          "hide": false,
          "instant": true,
          "intervalFactor": 1,
          "legendFormat": "{{ pod_name }}",
          "refId": "E"
        },
        {
          "expr": "(\n  sum(container_spec_memory_limit_bytes{namespace=\"$namespace\",pod_name=\"$pod\",container_name!=\"POD\",cloud_google_com_gke_preemptible!=\"true\"}/1024/1024/1024*($costram- ($costram / 100 * $costDiscount))) by(container_name)\n  or\n  count(\n    count(container_spec_memory_limit_bytes{namespace=\"$namespace\",pod_name=\"$pod\",container_name!=\"POD\"}) by(container_name)\n  ) by(container_name) -1\n)\n\n+\n\n(\n  sum(container_spec_memory_limit_bytes{namespace=\"$namespace\",pod_name=\"$pod\",container_name!=\"POD\",cloud_google_com_gke_preemptible=\"true\"}/1024/1024/1024*$costpram) by(container_name)\n  or\n  count(\n    count(container_spec_memory_limit_bytes{namespace=\"$namespace\",pod_name=\"$pod\",container_name!=\"POD\"}) by(container_name)\n  ) by(container_name) -1\n)",
          "format": "table",
          "hide": false,
          "instant": true,
          "intervalFactor": 1,
          "legendFormat": "{{ namespace }}",
          "refId": "B"
        },
        {
          "expr": "sum(\n   count(count(container_memory_working_set_bytes{namespace=\"$namespace\",pod_name=\"$pod\",container_name!=\"POD\"}) by (container_name)) by (container_name)  \n   * on (container_name) \n   sum(avg_over_time(container_memory_working_set_bytes{namespace=\"$namespace\",pod_name=\"$pod\",container_name!=\"POD\"}[1m])) by (container_name)\n) by (container_name)\n/\nsum(container_spec_memory_limit_bytes{namespace=\"$namespace\",pod_name=\"$pod\",container_name!=\"POD\"}) by (container_name) * 100",
          "format": "table",
          "hide": false,
          "instant": true,
          "intervalFactor": 1,
          "legendFormat": "{{ namespace }}",
          "refId": "F"
        },
        {
          "expr": "(\n  sum(container_spec_cpu_shares{namespace=\"$namespace\",pod_name=\"$pod\",container_name!=\"POD\",cloud_google_com_gke_preemptible!=\"true\"}/1000*($costcpu - ($costcpu / 100 * $costDiscount))) by(container_name)\n  or\n  count(\n    count(container_spec_cpu_shares{namespace=\"$namespace\",container_name!=\"POD\",pod_name=\"$pod\"}) by(container_name)\n  ) by(container_name) -1\n)\n\n+\n\n(\n  sum(container_spec_cpu_shares{namespace=\"$namespace\",pod_name=\"$pod\",container_name!=\"POD\",cloud_google_com_gke_preemptible=\"true\"}/1000*$costpcpu) by(container_name)\n  or\n  count(\n    count(container_spec_cpu_shares{namespace=\"$namespace\",pod_name=\"$pod\",container_name!=\"POD\"}) by(container_name)\n  ) by(container_name) -1\n)\n\n+\n\n(\n  sum(container_spec_memory_limit_bytes{namespace=\"$namespace\",pod_name=\"$pod\",container_name!=\"POD\",cloud_google_com_gke_preemptible!=\"true\"}/1024/1024/1024*($costram- ($costram / 100 * $costDiscount))) by(container_name)\n  or\n  count(\n    count(container_spec_memory_limit_bytes{namespace=\"$namespace\",pod_name=\"$pod\",container_name!=\"POD\"}) by(container_name)\n  ) by(container_name) -1\n)\n\n+\n\n(\n  sum(container_spec_memory_limit_bytes{namespace=\"$namespace\",pod_name=\"$pod\",container_name!=\"POD\",cloud_google_com_gke_preemptible=\"true\"}/1024/1024/1024*$costpram) by(container_name)\n  or\n  count(\n    count(container_spec_memory_limit_bytes{namespace=\"$namespace\",pod_name=\"$pod\",container_name!=\"POD\"}) by(container_name)\n  ) by(container_name) -1\n)",
          "format": "table",
          "hide": false,
          "instant": true,
          "intervalFactor": 1,
          "refId": "D"
        }
      ],
      "timeFrom": "1M",
      "timeShift": null,
      "title": "Container cost and utilisation analysis",
      "transform": "table",
      "type": "table"
    },
    {
      "aliasColors": {},
      "bars": false,
      "dashLength": 10,
      "dashes": false,
      "datasource": "${DS_OPENSHIFT-MONITORING-DATASOURCE}",
      "decimals": 3,
      "description": "This graph attempts to show you CPU use of your application vs its requests",
      "editable": true,
      "error": false,
      "fill": 0,
      "fillGradient": 0,
      "grid": {},
      "gridPos": {
        "h": 7,
        "w": 12,
        "x": 0,
        "y": 6
      },
      "height": "",
      "id": 94,
      "isNew": true,
      "legend": {
        "alignAsTable": false,
        "avg": false,
        "current": false,
        "hideEmpty": false,
        "hideZero": false,
        "max": false,
        "min": false,
        "rightSide": false,
        "show": true,
        "sideWidth": null,
        "sort": "current",
        "sortDesc": true,
        "total": false,
        "values": true
      },
      "lines": true,
      "linewidth": 2,
      "links": [],
      "nullPointMode": "connected",
      "options": {
        "dataLinks": []
      },
      "percentage": false,
      "pointradius": 5,
      "points": false,
      "renderer": "flot",
      "seriesOverrides": [],
      "spaceLength": 10,
      "stack": false,
      "steppedLine": true,
      "targets": [
        {
          "expr": "sum (rate (container_cpu_usage_seconds_total{namespace=~\"$namespace\", pod_name=\"$pod\", container_name!=\"POD\"}[1m])) by (container_name)",
          "format": "time_series",
          "hide": false,
          "instant": false,
          "interval": "",
          "intervalFactor": 1,
          "legendFormat": "{{ container_name }}",
          "metric": "container_cpu",
          "refId": "A",
          "step": 10
        },
        {
          "expr": "sum(container_spec_cpu_shares{namespace=~\"$namespace\", pod_name=\"$pod\", container_name!=\"POD\"}) by (container_name) / 1000",
          "format": "time_series",
          "instant": false,
          "intervalFactor": 1,
          "legendFormat": "{{ container_name }} (requested)",
          "refId": "B"
        }
      ],
      "thresholds": [],
      "timeFrom": "",
      "timeRegions": [],
      "timeShift": null,
      "title": "CPU Core Usage vs Requested",
      "tooltip": {
        "msResolution": true,
        "shared": true,
        "sort": 2,
        "value_type": "cumulative"
      },
      "type": "graph",
      "xaxis": {
        "buckets": null,
        "mode": "time",
        "name": null,
        "show": true,
        "values": []
      },
      "yaxes": [
        {
          "format": "none",
          "label": "",
          "logBase": 1,
          "max": null,
          "min": "0",
          "show": true
        },
        {
          "format": "short",
          "label": null,
          "logBase": 1,
          "max": null,
          "min": null,
          "show": false
        }
      ],
      "yaxis": {
        "align": false,
        "alignLevel": null
      }
    },
    {
      "aliasColors": {},
      "bars": false,
      "dashLength": 10,
      "dashes": false,
      "datasource": "${DS_OPENSHIFT-MONITORING-DATASOURCE}",
      "decimals": 3,
      "description": "This graph attempts to show you RAM use of your application vs its requests",
      "editable": true,
      "error": false,
      "fill": 0,
      "fillGradient": 0,
      "grid": {},
      "gridPos": {
        "h": 7,
        "w": 12,
        "x": 12,
        "y": 6
      },
      "height": "",
      "id": 96,
      "isNew": true,
      "legend": {
        "alignAsTable": false,
        "avg": false,
        "current": false,
        "hideEmpty": false,
        "hideZero": false,
        "max": false,
        "min": false,
        "rightSide": false,
        "show": true,
        "sideWidth": null,
        "sort": "current",
        "sortDesc": true,
        "total": false,
        "values": true
      },
      "lines": true,
      "linewidth": 2,
      "links": [],
      "nullPointMode": "connected",
      "options": {
        "dataLinks": []
      },
      "percentage": false,
      "pointradius": 5,
      "points": false,
      "renderer": "flot",
      "seriesOverrides": [],
      "spaceLength": 10,
      "stack": false,
      "steppedLine": true,
      "targets": [
        {
          "expr": "sum (avg_over_time (container_memory_working_set_bytes{namespace=\"$namespace\", pod_name=\"$pod\", container_name!=\"POD\"}[1m])) by (container_name)",
          "format": "time_series",
          "hide": false,
          "instant": false,
          "interval": "",
          "intervalFactor": 1,
          "legendFormat": "{{ container_name }}",
          "metric": "container_cpu",
          "refId": "A",
          "step": 10
        },
        {
          "expr": "sum(container_spec_memory_limit_bytes{namespace=~\"$namespace\", pod_name=\"$pod\", container_name!=\"POD\"}) by (container_name)",
          "format": "time_series",
          "hide": false,
          "instant": false,
          "intervalFactor": 1,
          "legendFormat": "{{ container_name }} (requested)",
          "refId": "B"
        }
      ],
      "thresholds": [],
      "timeFrom": "",
      "timeRegions": [],
      "timeShift": null,
      "title": "RAM Usage vs Requested",
      "tooltip": {
        "msResolution": true,
        "shared": true,
        "sort": 2,
        "value_type": "cumulative"
      },
      "type": "graph",
      "xaxis": {
        "buckets": null,
        "mode": "time",
        "name": null,
        "show": true,
        "values": []
      },
      "yaxes": [
        {
          "format": "bytes",
          "label": "",
          "logBase": 1,
          "max": null,
          "min": "0",
          "show": true
        },
        {
          "format": "short",
          "label": null,
          "logBase": 1,
          "max": null,
          "min": null,
          "show": false
        }
      ],
      "yaxis": {
        "align": false,
        "alignLevel": null
      }
    },
    {
      "aliasColors": {},
      "bars": false,
      "dashLength": 10,
      "dashes": false,
      "datasource": "${DS_OPENSHIFT-MONITORING-DATASOURCE}",
      "decimals": 2,
      "description": "Traffic in and out of this pod, as a sum of its containers",
      "editable": true,
      "error": false,
      "fill": 1,
      "fillGradient": 0,
      "grid": {},
      "gridPos": {
        "h": 7,
        "w": 12,
        "x": 0,
        "y": 13
      },
      "height": "",
      "id": 95,
      "isNew": true,
      "legend": {
        "alignAsTable": false,
        "avg": true,
        "current": true,
        "hideEmpty": false,
        "hideZero": false,
        "max": false,
        "min": false,
        "rightSide": false,
        "show": true,
        "sideWidth": null,
        "sort": "current",
        "sortDesc": true,
        "total": false,
        "values": true
      },
      "lines": true,
      "linewidth": 2,
      "links": [],
      "nullPointMode": "connected",
      "options": {
        "dataLinks": []
      },
      "percentage": false,
      "pointradius": 5,
      "points": false,
      "renderer": "flot",
      "seriesOverrides": [],
      "spaceLength": 10,
      "stack": false,
      "steppedLine": false,
      "targets": [
        {
          "expr": "sum (rate (container_network_receive_bytes_total{namespace=\"$namespace\",pod_name=\"$pod\"}[1m])) by (pod_name)",
          "format": "time_series",
          "hide": false,
          "instant": false,
          "interval": "",
          "intervalFactor": 1,
          "legendFormat": "<- in",
          "metric": "container_cpu",
          "refId": "A",
          "step": 10
        },
        {
          "expr": "- sum (rate (container_network_transmit_bytes_total{namespace=\"$namespace\",pod_name=\"$pod\"}[1m])) by (pod_name)",
          "format": "time_series",
          "hide": false,
          "instant": false,
          "interval": "",
          "intervalFactor": 1,
          "legendFormat": "-> out",
          "refId": "B"
        }
      ],
      "thresholds": [],
      "timeFrom": "",
      "timeRegions": [],
      "timeShift": null,
      "title": "Network IO",
      "tooltip": {
        "msResolution": true,
        "shared": true,
        "sort": 2,
        "value_type": "cumulative"
      },
      "type": "graph",
      "xaxis": {
        "buckets": null,
        "mode": "time",
        "name": null,
        "show": true,
        "values": []
      },
      "yaxes": [
        {
          "format": "Bps",
          "label": "",
          "logBase": 1,
          "max": null,
          "min": null,
          "show": true
        },
        {
          "format": "short",
          "label": null,
          "logBase": 1,
          "max": null,
          "min": null,
          "show": false
        }
      ],
      "yaxis": {
        "align": false,
        "alignLevel": null
      }
    },
    {
      "aliasColors": {},
      "bars": false,
      "dashLength": 10,
      "dashes": false,
      "datasource": "${DS_OPENSHIFT-MONITORING-DATASOURCE}",
      "decimals": 2,
      "description": "Disk read writes",
      "editable": true,
      "error": false,
      "fill": 1,
      "fillGradient": 0,
      "grid": {},
      "gridPos": {
        "h": 7,
        "w": 12,
        "x": 12,
        "y": 13
      },
      "height": "",
      "id": 97,
      "isNew": true,
      "legend": {
        "alignAsTable": false,
        "avg": true,
        "current": true,
        "hideEmpty": false,
        "hideZero": false,
        "max": false,
        "min": false,
        "rightSide": false,
        "show": true,
        "sideWidth": null,
        "sort": "current",
        "sortDesc": true,
        "total": false,
        "values": true
      },
      "lines": true,
      "linewidth": 2,
      "links": [],
      "nullPointMode": "connected",
      "options": {
        "dataLinks": []
      },
      "percentage": false,
      "pointradius": 5,
      "points": false,
      "renderer": "flot",
      "seriesOverrides": [],
      "spaceLength": 10,
      "stack": false,
      "steppedLine": false,
      "targets": [
        {
          "expr": "sum (rate (container_fs_writes_bytes_total{namespace=\"$namespace\",pod_name=\"$pod\"}[1m])) by (pod_name)",
          "format": "time_series",
          "hide": false,
          "instant": false,
          "interval": "",
          "intervalFactor": 1,
          "legendFormat": "<- write",
          "metric": "container_cpu",
          "refId": "A",
          "step": 10
        },
        {
          "expr": "- sum (rate (container_fs_reads_bytes_total{namespace=\"$namespace\",pod_name=\"$pod\"}[1m])) by (pod_name)",
          "format": "time_series",
          "hide": false,
          "instant": false,
          "interval": "",
          "intervalFactor": 1,
          "legendFormat": "-> read",
          "refId": "B"
        }
      ],
      "thresholds": [],
      "timeFrom": "",
      "timeRegions": [],
      "timeShift": null,
      "title": "Disk IO",
      "tooltip": {
        "msResolution": true,
        "shared": true,
        "sort": 2,
        "value_type": "cumulative"
      },
      "type": "graph",
      "xaxis": {
        "buckets": null,
        "mode": "time",
        "name": null,
        "show": true,
        "values": []
      },
      "yaxes": [
        {
          "format": "Bps",
          "label": "",
          "logBase": 1,
          "max": null,
          "min": null,
          "show": true
        },
        {
          "format": "short",
          "label": null,
          "logBase": 1,
          "max": null,
          "min": null,
          "show": false
        }
      ],
      "yaxis": {
        "align": false,
        "alignLevel": null
      }
    }
  ],
  "refresh": "10s",
  "schemaVersion": 19,
  "style": "dark",
  "tags": [
    "cost",
    "utilisation",
    "metrics"
  ],
  "templating": {
    "list": [
      {
        "current": {
          "value": "${VAR_COSTCPU}",
          "text": "${VAR_COSTCPU}"
        },
        "hide": 0,
        "label": "CPU",
        "name": "costcpu",
        "options": [
          {
            "value": "${VAR_COSTCPU}",
            "text": "${VAR_COSTCPU}"
          }
        ],
        "query": "${VAR_COSTCPU}",
        "skipUrlSync": false,
        "type": "constant"
      },
      {
        "current": {
          "value": "${VAR_COSTPCPU}",
          "text": "${VAR_COSTPCPU}"
        },
        "hide": 0,
        "label": "PE CPU",
        "name": "costpcpu",
        "options": [
          {
            "value": "${VAR_COSTPCPU}",
            "text": "${VAR_COSTPCPU}"
          }
        ],
        "query": "${VAR_COSTPCPU}",
        "skipUrlSync": false,
        "type": "constant"
      },
      {
        "current": {
          "value": "${VAR_COSTRAM}",
          "text": "${VAR_COSTRAM}"
        },
        "hide": 0,
        "label": "RAM",
        "name": "costram",
        "options": [
          {
            "value": "${VAR_COSTRAM}",
            "text": "${VAR_COSTRAM}"
          }
        ],
        "query": "${VAR_COSTRAM}",
        "skipUrlSync": false,
        "type": "constant"
      },
      {
        "current": {
          "value": "${VAR_COSTPRAM}",
          "text": "${VAR_COSTPRAM}"
        },
        "hide": 0,
        "label": "PE RAM",
        "name": "costpram",
        "options": [
          {
            "value": "${VAR_COSTPRAM}",
            "text": "${VAR_COSTPRAM}"
          }
        ],
        "query": "${VAR_COSTPRAM}",
        "skipUrlSync": false,
        "type": "constant"
      },
      {
        "current": {
          "value": "${VAR_COSTSTORAGESTANDARD}",
          "text": "${VAR_COSTSTORAGESTANDARD}"
        },
        "hide": 0,
        "label": "Storage",
        "name": "costStorageStandard",
        "options": [
          {
            "value": "${VAR_COSTSTORAGESTANDARD}",
            "text": "${VAR_COSTSTORAGESTANDARD}"
          }
        ],
        "query": "${VAR_COSTSTORAGESTANDARD}",
        "skipUrlSync": false,
        "type": "constant"
      },
      {
        "current": {
          "value": "${VAR_COSTSTORAGESSD}",
          "text": "${VAR_COSTSTORAGESSD}"
        },
        "hide": 0,
        "label": "SSD",
        "name": "costStorageSSD",
        "options": [
          {
            "value": "${VAR_COSTSTORAGESSD}",
            "text": "${VAR_COSTSTORAGESSD}"
          }
        ],
        "query": "${VAR_COSTSTORAGESSD}",
        "skipUrlSync": false,
        "type": "constant"
      },
      {
        "current": {
          "value": "${VAR_COSTDISCOUNT}",
          "text": "${VAR_COSTDISCOUNT}"
        },
        "hide": 0,
        "label": "Disc.",
        "name": "costDiscount",
        "options": [
          {
            "value": "${VAR_COSTDISCOUNT}",
            "text": "${VAR_COSTDISCOUNT}"
          }
        ],
        "query": "${VAR_COSTDISCOUNT}",
        "skipUrlSync": false,
        "type": "constant"
      },
      {
        "allValue": null,
        "current": {},
        "datasource": "${DS_OPENSHIFT-MONITORING-DATASOURCE}",
        "definition": "",
        "hide": 0,
        "includeAll": false,
        "label": "NS",
        "multi": false,
        "name": "namespace",
        "options": [],
        "query": "query_result(sum(container_memory_working_set_bytes{namespace!=\"\"}) by (namespace))",
        "refresh": 1,
        "regex": "/namespace=\\\"(.*?)(\\\")/",
        "skipUrlSync": false,
        "sort": 0,
        "tagValuesQuery": "",
        "tags": [],
        "tagsQuery": "",
        "type": "query",
        "useTags": false
      },
      {
        "allValue": null,
        "current": {},
        "datasource": "${DS_OPENSHIFT-MONITORING-DATASOURCE}",
        "definition": "",
        "hide": 0,
        "includeAll": false,
        "label": "Pod",
        "multi": false,
        "name": "pod",
        "options": [],
        "query": "query_result(sum(container_memory_working_set_bytes{namespace=\"$namespace\"}) by (pod_name))",
        "refresh": 1,
        "regex": "/pod_name=\\\"(.*?)(\\\")/",
        "skipUrlSync": false,
        "sort": 0,
        "tagValuesQuery": "",
        "tags": [],
        "tagsQuery": "",
        "type": "query",
        "useTags": false
      }
    ]
  },
  "time": {
    "from": "now-15m",
    "to": "now"
  },
  "timepicker": {
    "hidden": false,
    "refresh_intervals": [
      "5s",
      "10s",
      "30s",
      "1m",
      "5m",
      "15m",
      "30m",
      "1h",
      "2h",
      "1d"
    ],
    "time_options": [
      "5m",
      "15m",
      "1h",
      "6h",
      "12h",
      "24h",
      "2d",
      "7d",
      "30d"
    ]
  },
  "timezone": "utc",
  "title": "Cost Analysis by Pod",
  "uid": "at-cost-analysis-pod",
  "version": 2
}