{
    "annotations": {
      "list": []
    },
    "editable": true,
    "gnetId": null,
    "graphTooltip": 0,
    "hideControls": false,
    "links": [],
    "refresh": "10s",
    "rows": [
      {
        "collapse": false,
        "height": "100px",
        "panels": [
          {
            "aliasColors": {},
            "bars": false,
            "dashLength": 10,
            "dashes": false,
            "datasource": "$datasource",
            "fill": 1,
            "format": "percentunit",
            "id": 0,
            "legend": {
              "avg": false,
              "current": false,
              "max": false,
              "min": false,
              "show": true,
              "total": false,
              "values": false
            },
            "lines": true,
            "linewidth": 1,
            "links": [],
            "nullPointMode": "null as zero",
            "percentage": false,
            "pointradius": 5,
            "points": false,
            "renderer": "flot",
            "seriesOverrides": [],
            "spaceLength": 10,
            "span": 2,
            "stack": false,
            "steppedLine": false,
            "targets": [
              {
                "expr": "1 - avg(rate(node_cpu{mode=\"idle\"}[1m]))",
                "format": "time_series",
                "instant": true,
                "intervalFactor": 2,
                "refId": "A"
              }
            ],
            "thresholds": "70,80",
            "timeFrom": null,
            "timeShift": null,
            "title": "CPU Utilisation",
            "tooltip": {
              "shared": true,
              "sort": 0,
              "value_type": "individual"
            },
            "type": "singlestat",
            "xaxis": {
              "buckets": null,
              "mode": "time",
              "name": null,
              "show": true,
              "values": []
            },
            "yaxes": [
              {
                "format": "short",
                "label": null,
                "logBase": 1,
                "max": null,
                "min": 0,
                "show": true
              },
              {
                "format": "short",
                "label": null,
                "logBase": 1,
                "max": null,
                "min": null,
                "show": false
              }
            ]
          },
          {
            "aliasColors": {},
            "bars": false,
            "dashLength": 10,
            "dashes": false,
            "datasource": "$datasource",
            "fill": 1,
            "format": "percentunit",
            "id": 1,
            "legend": {
              "avg": false,
              "current": false,
              "max": false,
              "min": false,
              "show": true,
              "total": false,
              "values": false
            },
            "lines": true,
            "linewidth": 1,
            "links": [],
            "nullPointMode": "null as zero",
            "percentage": false,
            "pointradius": 5,
            "points": false,
            "renderer": "flot",
            "seriesOverrides": [],
            "spaceLength": 10,
            "span": 2,
            "stack": false,
            "steppedLine": false,
            "targets": [
              {
                "expr": "sum(kube_pod_container_resource_requests_cpu_cores) / sum(node:node_num_cpu:sum)",
                "format": "time_series",
                "instant": true,
                "intervalFactor": 2,
                "refId": "A"
              }
            ],
            "thresholds": "70,80",
            "timeFrom": null,
            "timeShift": null,
            "title": "CPU Requests Commitment",
            "tooltip": {
              "shared": true,
              "sort": 0,
              "value_type": "individual"
            },
            "type": "singlestat",
            "xaxis": {
              "buckets": null,
              "mode": "time",
              "name": null,
              "show": true,
              "values": []
            },
            "yaxes": [
              {
                "format": "short",
                "label": null,
                "logBase": 1,
                "max": null,
                "min": 0,
                "show": true
              },
              {
                "format": "short",
                "label": null,
                "logBase": 1,
                "max": null,
                "min": null,
                "show": false
              }
            ]
          },
          {
            "aliasColors": {},
            "bars": false,
            "dashLength": 10,
            "dashes": false,
            "datasource": "$datasource",
            "fill": 1,
            "format": "percentunit",
            "id": 2,
            "legend": {
              "avg": false,
              "current": false,
              "max": false,
              "min": false,
              "show": true,
              "total": false,
              "values": false
            },
            "lines": true,
            "linewidth": 1,
            "links": [],
            "nullPointMode": "null as zero",
            "percentage": false,
            "pointradius": 5,
            "points": false,
            "renderer": "flot",
            "seriesOverrides": [],
            "spaceLength": 10,
            "span": 2,
            "stack": false,
            "steppedLine": false,
            "targets": [
              {
                "expr": "sum(kube_pod_container_resource_limits_cpu_cores) / sum(node:node_num_cpu:sum)",
                "format": "time_series",
                "instant": true,
                "intervalFactor": 2,
                "refId": "A"
              }
            ],
            "thresholds": "70,80",
            "timeFrom": null,
            "timeShift": null,
            "title": "CPU Limits Commitment",
            "tooltip": {
              "shared": true,
              "sort": 0,
              "value_type": "individual"
            },
            "type": "singlestat",
            "xaxis": {
              "buckets": null,
              "mode": "time",
              "name": null,
              "show": true,
              "values": []
            },
            "yaxes": [
              {
                "format": "short",
                "label": null,
                "logBase": 1,
                "max": null,
                "min": 0,
                "show": true
              },
              {
                "format": "short",
                "label": null,
                "logBase": 1,
                "max": null,
                "min": null,
                "show": false
              }
            ]
          },
          {
            "aliasColors": {},
            "bars": false,
            "dashLength": 10,
            "dashes": false,
            "datasource": "$datasource",
            "fill": 1,
            "format": "percentunit",
            "id": 3,
            "legend": {
              "avg": false,
              "current": false,
              "max": false,
              "min": false,
              "show": true,
              "total": false,
              "values": false
            },
            "lines": true,
            "linewidth": 1,
            "links": [],
            "nullPointMode": "null as zero",
            "percentage": false,
            "pointradius": 5,
            "points": false,
            "renderer": "flot",
            "seriesOverrides": [],
            "spaceLength": 10,
            "span": 2,
            "stack": false,
            "steppedLine": false,
            "targets": [
              {
                "expr": "1 - sum(:node_memory_MemFreeCachedBuffers:sum) / sum(:node_memory_MemTotal:sum)",
                "format": "time_series",
                "instant": true,
                "intervalFactor": 2,
                "refId": "A"
              }
            ],
            "thresholds": "70,80",
            "timeFrom": null,
            "timeShift": null,
            "title": "Memory Utilisation",
            "tooltip": {
              "shared": true,
              "sort": 0,
              "value_type": "individual"
            },
            "type": "singlestat",
            "xaxis": {
              "buckets": null,
              "mode": "time",
              "name": null,
              "show": true,
              "values": []
            },
            "yaxes": [
              {
                "format": "short",
                "label": null,
                "logBase": 1,
                "max": null,
                "min": 0,
                "show": true
              },
              {
                "format": "short",
                "label": null,
                "logBase": 1,
                "max": null,
                "min": null,
                "show": false
              }
            ]
          },
          {
            "aliasColors": {},
            "bars": false,
            "dashLength": 10,
            "dashes": false,
            "datasource": "$datasource",
            "fill": 1,
            "format": "percentunit",
            "id": 4,
            "legend": {
              "avg": false,
              "current": false,
              "max": false,
              "min": false,
              "show": true,
              "total": false,
              "values": false
            },
            "lines": true,
            "linewidth": 1,
            "links": [],
            "nullPointMode": "null as zero",
            "percentage": false,
            "pointradius": 5,
            "points": false,
            "renderer": "flot",
            "seriesOverrides": [],
            "spaceLength": 10,
            "span": 2,
            "stack": false,
            "steppedLine": false,
            "targets": [
              {
                "expr": "sum(kube_pod_container_resource_requests_memory_bytes) / sum(:node_memory_MemTotal:sum)",
                "format": "time_series",
                "instant": true,
                "intervalFactor": 2,
                "refId": "A"
              }
            ],
            "thresholds": "70,80",
            "timeFrom": null,
            "timeShift": null,
            "title": "Memory Requests Commitment",
            "tooltip": {
              "shared": true,
              "sort": 0,
              "value_type": "individual"
            },
            "type": "singlestat",
            "xaxis": {
              "buckets": null,
              "mode": "time",
              "name": null,
              "show": true,
              "values": []
            },
            "yaxes": [
              {
                "format": "short",
                "label": null,
                "logBase": 1,
                "max": null,
                "min": 0,
                "show": true
              },
              {
                "format": "short",
                "label": null,
                "logBase": 1,
                "max": null,
                "min": null,
                "show": false
              }
            ]
          },
          {
            "aliasColors": {},
            "bars": false,
            "dashLength": 10,
            "dashes": false,
            "datasource": "$datasource",
            "fill": 1,
            "format": "percentunit",
            "id": 5,
            "legend": {
              "avg": false,
              "current": false,
              "max": false,
              "min": false,
              "show": true,
              "total": false,
              "values": false
            },
            "lines": true,
            "linewidth": 1,
            "links": [],
            "nullPointMode": "null as zero",
            "percentage": false,
            "pointradius": 5,
            "points": false,
            "renderer": "flot",
            "seriesOverrides": [],
            "spaceLength": 10,
            "span": 2,
            "stack": false,
            "steppedLine": false,
            "targets": [
              {
                "expr": "sum(kube_pod_container_resource_limits_memory_bytes) / sum(:node_memory_MemTotal:sum)",
                "format": "time_series",
                "instant": true,
                "intervalFactor": 2,
                "refId": "A"
              }
            ],
            "thresholds": "70,80",
            "timeFrom": null,
            "timeShift": null,
            "title": "Memory Limits Commitment",
            "tooltip": {
              "shared": true,
              "sort": 0,
              "value_type": "individual"
            },
            "type": "singlestat",
            "xaxis": {
              "buckets": null,
              "mode": "time",
              "name": null,
              "show": true,
              "values": []
            },
            "yaxes": [
              {
                "format": "short",
                "label": null,
                "logBase": 1,
                "max": null,
                "min": 0,
                "show": true
              },
              {
                "format": "short",
                "label": null,
                "logBase": 1,
                "max": null,
                "min": null,
                "show": false
              }
            ]
          }
        ],
        "repeat": null,
        "repeatIteration": null,
        "repeatRowId": null,
        "showTitle": false,
        "title": "Headlines",
        "titleSize": "h6"
      },
      {
        "collapse": false,
        "height": "250px",
        "panels": [
          {
            "aliasColors": {},
            "bars": false,
            "dashLength": 10,
            "dashes": false,
            "datasource": "$datasource",
            "fill": 10,
            "id": 6,
            "legend": {
              "avg": false,
              "current": false,
              "max": false,
              "min": false,
              "show": true,
              "total": false,
              "values": false
            },
            "lines": true,
            "linewidth": 0,
            "links": [],
            "nullPointMode": "null as zero",
            "percentage": false,
            "pointradius": 5,
            "points": false,
            "renderer": "flot",
            "seriesOverrides": [],
            "spaceLength": 10,
            "span": 12,
            "stack": true,
            "steppedLine": false,
            "targets": [
              {
                "expr": "sum(namespace_pod_name_container_name:container_cpu_usage_seconds_total:sum_rate) by (namespace)",
                "format": "time_series",
                "intervalFactor": 2,
                "legendFormat": "{{namespace}}",
                "legendLink": null,
                "step": 10
              }
            ],
            "thresholds": [],
            "timeFrom": null,
            "timeShift": null,
            "title": "CPU Usage",
            "tooltip": {
              "shared": true,
              "sort": 0,
              "value_type": "individual"
            },
            "type": "graph",
            "xaxis": {
              "buckets": null,
              "mode": "time",
              "name": null,
              "show": true,
              "values": []
            },
            "yaxes": [
              {
                "format": "short",
                "label": null,
                "logBase": 1,
                "max": null,
                "min": 0,
                "show": true
              },
              {
                "format": "short",
                "label": null,
                "logBase": 1,
                "max": null,
                "min": null,
                "show": false
              }
            ]
          }
        ],
        "repeat": null,
        "repeatIteration": null,
        "repeatRowId": null,
        "showTitle": true,
        "title": "CPU",
        "titleSize": "h6"
      },
      {
        "collapse": false,
        "height": "250px",
        "panels": [
          {
            "aliasColors": {},
            "bars": false,
            "dashLength": 10,
            "dashes": false,
            "datasource": "$datasource",
            "fill": 1,
            "id": 7,
            "legend": {
              "avg": false,
              "current": false,
              "max": false,
              "min": false,
              "show": true,
              "total": false,
              "values": false
            },
            "lines": true,
            "linewidth": 1,
            "links": [],
            "nullPointMode": "null as zero",
            "percentage": false,
            "pointradius": 5,
            "points": false,
            "renderer": "flot",
            "seriesOverrides": [],
            "spaceLength": 10,
            "span": 12,
            "stack": false,
            "steppedLine": false,
            "styles": [
              {
                "alias": "Time",
                "dateFormat": "YYYY-MM-DD HH:mm:ss",
                "pattern": "Time",
                "type": "hidden"
              },
              {
                "alias": "CPU Usage",
                "colorMode": null,
                "colors": [],
                "dateFormat": "YYYY-MM-DD HH:mm:ss",
                "decimals": 2,
                "link": false,
                "linkTooltip": "Drill down",
                "linkUrl": "",
                "pattern": "Value #A",
                "thresholds": [],
                "type": "number",
                "unit": "short"
              },
              {
                "alias": "CPU Requests",
                "colorMode": null,
                "colors": [],
                "dateFormat": "YYYY-MM-DD HH:mm:ss",
                "decimals": 2,
                "link": false,
                "linkTooltip": "Drill down",
                "linkUrl": "",
                "pattern": "Value #B",
                "thresholds": [],
                "type": "number",
                "unit": "short"
              },
              {
                "alias": "CPU Requests %",
                "colorMode": null,
                "colors": [],
                "dateFormat": "YYYY-MM-DD HH:mm:ss",
                "decimals": 2,
                "link": false,
                "linkTooltip": "Drill down",
                "linkUrl": "",
                "pattern": "Value #C",
                "thresholds": [],
                "type": "number",
                "unit": "percentunit"
              },
              {
                "alias": "CPU Limits",
                "colorMode": null,
                "colors": [],
                "dateFormat": "YYYY-MM-DD HH:mm:ss",
                "decimals": 2,
                "link": false,
                "linkTooltip": "Drill down",
                "linkUrl": "",
                "pattern": "Value #D",
                "thresholds": [],
                "type": "number",
                "unit": "short"
              },
              {
                "alias": "CPU Limits %",
                "colorMode": null,
                "colors": [],
                "dateFormat": "YYYY-MM-DD HH:mm:ss",
                "decimals": 2,
                "link": false,
                "linkTooltip": "Drill down",
                "linkUrl": "",
                "pattern": "Value #E",
                "thresholds": [],
                "type": "number",
                "unit": "percentunit"
              },
              {
                "alias": "Namespace",
                "colorMode": null,
                "colors": [],
                "dateFormat": "YYYY-MM-DD HH:mm:ss",
                "decimals": 2,
                "link": true,
                "linkTooltip": "Drill down",
                "linkUrl": "/d/85a562078cdf77779eaa1add43ccec1e/k8s-resources-namespace?var-datasource=$datasource&var-namespace=$__cell",
                "pattern": "namespace",
                "thresholds": [],
                "type": "number",
                "unit": "short"
              },
              {
                "alias": "",
                "colorMode": null,
                "colors": [],
                "dateFormat": "YYYY-MM-DD HH:mm:ss",
                "decimals": 2,
                "pattern": "/.*/",
                "thresholds": [],
                "type": "string",
                "unit": "short"
              }
            ],
            "targets": [
              {
                "expr": "sum(namespace_pod_name_container_name:container_cpu_usage_seconds_total:sum_rate) by (namespace)",
                "format": "table",
                "instant": true,
                "intervalFactor": 2,
                "legendFormat": "",
                "refId": "A",
                "step": 10
              },
              {
                "expr": "sum(kube_pod_container_resource_requests_cpu_cores) by (namespace)",
                "format": "table",
                "instant": true,
                "intervalFactor": 2,
                "legendFormat": "",
                "refId": "B",
                "step": 10
              },
              {
                "expr": "sum(namespace_pod_name_container_name:container_cpu_usage_seconds_total:sum_rate) by (namespace) / sum(kube_pod_container_resource_requests_cpu_cores) by (namespace)",
                "format": "table",
                "instant": true,
                "intervalFactor": 2,
                "legendFormat": "",
                "refId": "C",
                "step": 10
              },
              {
                "expr": "sum(kube_pod_container_resource_limits_cpu_cores) by (namespace)",
                "format": "table",
                "instant": true,
                "intervalFactor": 2,
                "legendFormat": "",
                "refId": "D",
                "step": 10
              },
              {
                "expr": "sum(namespace_pod_name_container_name:container_cpu_usage_seconds_total:sum_rate) by (namespace) / sum(kube_pod_container_resource_limits_cpu_cores) by (namespace)",
                "format": "table",
                "instant": true,
                "intervalFactor": 2,
                "legendFormat": "",
                "refId": "E",
                "step": 10
              }
            ],
            "thresholds": [],
            "timeFrom": null,
            "timeShift": null,
            "title": "CPU Quota",
            "tooltip": {
              "shared": true,
              "sort": 0,
              "value_type": "individual"
            },
            "transform": "table",
            "type": "table",
            "xaxis": {
              "buckets": null,
              "mode": "time",
              "name": null,
              "show": true,
              "values": []
            },
            "yaxes": [
              {
                "format": "short",
                "label": null,
                "logBase": 1,
                "max": null,
                "min": 0,
                "show": true
              },
              {
                "format": "short",
                "label": null,
                "logBase": 1,
                "max": null,
                "min": null,
                "show": false
              }
            ]
          }
        ],
        "repeat": null,
        "repeatIteration": null,
        "repeatRowId": null,
        "showTitle": true,
        "title": "CPU Quota",
        "titleSize": "h6"
      },
      {
        "collapse": false,
        "height": "250px",
        "panels": [
          {
            "aliasColors": {},
            "bars": false,
            "dashLength": 10,
            "dashes": false,
            "datasource": "$datasource",
            "fill": 10,
            "id": 8,
            "legend": {
              "avg": false,
              "current": false,
              "max": false,
              "min": false,
              "show": true,
              "total": false,
              "values": false
            },
            "lines": true,
            "linewidth": 0,
            "links": [],
            "nullPointMode": "null as zero",
            "percentage": false,
            "pointradius": 5,
            "points": false,
            "renderer": "flot",
            "seriesOverrides": [],
            "spaceLength": 10,
            "span": 12,
            "stack": true,
            "steppedLine": false,
            "targets": [
              {
                "expr": "sum(container_memory_rss{container_name!=\"\"}) by (namespace)",
                "format": "time_series",
                "intervalFactor": 2,
                "legendFormat": "{{namespace}}",
                "legendLink": null,
                "step": 10
              }
            ],
            "thresholds": [],
            "timeFrom": null,
            "timeShift": null,
            "title": "Memory Usage (w/o cache)",
            "tooltip": {
              "shared": true,
              "sort": 0,
              "value_type": "individual"
            },
            "type": "graph",
            "xaxis": {
              "buckets": null,
              "mode": "time",
              "name": null,
              "show": true,
              "values": []
            },
            "yaxes": [
              {
                "format": "decbytes",
                "label": null,
                "logBase": 1,
                "max": null,
                "min": 0,
                "show": true
              },
              {
                "format": "short",
                "label": null,
                "logBase": 1,
                "max": null,
                "min": null,
                "show": false
              }
            ]
          }
        ],
        "repeat": null,
        "repeatIteration": null,
        "repeatRowId": null,
        "showTitle": true,
        "title": "Memory",
        "titleSize": "h6"
      },
      {
        "collapse": false,
        "height": "250px",
        "panels": [
          {
            "aliasColors": {},
            "bars": false,
            "dashLength": 10,
            "dashes": false,
            "datasource": "$datasource",
            "fill": 1,
            "id": 9,
            "legend": {
              "avg": false,
              "current": false,
              "max": false,
              "min": false,
              "show": true,
              "total": false,
              "values": false
            },
            "lines": true,
            "linewidth": 1,
            "links": [],
            "nullPointMode": "null as zero",
            "percentage": false,
            "pointradius": 5,
            "points": false,
            "renderer": "flot",
            "seriesOverrides": [],
            "spaceLength": 10,
            "span": 12,
            "stack": false,
            "steppedLine": false,
            "styles": [
              {
                "alias": "Time",
                "dateFormat": "YYYY-MM-DD HH:mm:ss",
                "pattern": "Time",
                "type": "hidden"
              },
              {
                "alias": "Memory Usage",
                "colorMode": null,
                "colors": [],
                "dateFormat": "YYYY-MM-DD HH:mm:ss",
                "decimals": 2,
                "link": false,
                "linkTooltip": "Drill down",
                "linkUrl": "",
                "pattern": "Value #A",
                "thresholds": [],
                "type": "number",
                "unit": "decbytes"
              },
              {
                "alias": "Memory Requests",
                "colorMode": null,
                "colors": [],
                "dateFormat": "YYYY-MM-DD HH:mm:ss",
                "decimals": 2,
                "link": false,
                "linkTooltip": "Drill down",
                "linkUrl": "",
                "pattern": "Value #B",
                "thresholds": [],
                "type": "number",
                "unit": "decbytes"
              },
              {
                "alias": "Memory Requests %",
                "colorMode": null,
                "colors": [],
                "dateFormat": "YYYY-MM-DD HH:mm:ss",
                "decimals": 2,
                "link": false,
                "linkTooltip": "Drill down",
                "linkUrl": "",
                "pattern": "Value #C",
                "thresholds": [],
                "type": "number",
                "unit": "percentunit"
              },
              {
                "alias": "Memory Limits",
                "colorMode": null,
                "colors": [],
                "dateFormat": "YYYY-MM-DD HH:mm:ss",
                "decimals": 2,
                "link": false,
                "linkTooltip": "Drill down",
                "linkUrl": "",
                "pattern": "Value #D",
                "thresholds": [],
                "type": "number",
                "unit": "decbytes"
              },
              {
                "alias": "Memory Limits %",
                "colorMode": null,
                "colors": [],
                "dateFormat": "YYYY-MM-DD HH:mm:ss",
                "decimals": 2,
                "link": false,
                "linkTooltip": "Drill down",
                "linkUrl": "",
                "pattern": "Value #E",
                "thresholds": [],
                "type": "number",
                "unit": "percentunit"
              },
              {
                "alias": "Namespace",
                "colorMode": null,
                "colors": [],
                "dateFormat": "YYYY-MM-DD HH:mm:ss",
                "decimals": 2,
                "link": true,
                "linkTooltip": "Drill down",
                "linkUrl": "/d/85a562078cdf77779eaa1add43ccec1e/k8s-resources-namespace?var-datasource=$datasource&var-namespace=$__cell",
                "pattern": "namespace",
                "thresholds": [],
                "type": "number",
                "unit": "short"
              },
              {
                "alias": "",
                "colorMode": null,
                "colors": [],
                "dateFormat": "YYYY-MM-DD HH:mm:ss",
                "decimals": 2,
                "pattern": "/.*/",
                "thresholds": [],
                "type": "string",
                "unit": "short"
              }
            ],
            "targets": [
              {
                "expr": "sum(container_memory_rss{container_name!=\"\"}) by (namespace)",
                "format": "table",
                "instant": true,
                "intervalFactor": 2,
                "legendFormat": "",
                "refId": "A",
                "step": 10
              },
              {
                "expr": "sum(kube_pod_container_resource_requests_memory_bytes) by (namespace)",
                "format": "table",
                "instant": true,
                "intervalFactor": 2,
                "legendFormat": "",
                "refId": "B",
                "step": 10
              },
              {
                "expr": "sum(container_memory_rss{container_name!=\"\"}) by (namespace) / sum(kube_pod_container_resource_requests_memory_bytes) by (namespace)",
                "format": "table",
                "instant": true,
                "intervalFactor": 2,
                "legendFormat": "",
                "refId": "C",
                "step": 10
              },
              {
                "expr": "sum(kube_pod_container_resource_limits_memory_bytes) by (namespace)",
                "format": "table",
                "instant": true,
                "intervalFactor": 2,
                "legendFormat": "",
                "refId": "D",
                "step": 10
              },
              {
                "expr": "sum(container_memory_rss{container_name!=\"\"}) by (namespace) / sum(kube_pod_container_resource_limits_memory_bytes) by (namespace)",
                "format": "table",
                "instant": true,
                "intervalFactor": 2,
                "legendFormat": "",
                "refId": "E",
                "step": 10
              }
            ],
            "thresholds": [],
            "timeFrom": null,
            "timeShift": null,
            "title": "Requests by Namespace",
            "tooltip": {
              "shared": true,
              "sort": 0,
              "value_type": "individual"
            },
            "transform": "table",
            "type": "table",
            "xaxis": {
              "buckets": null,
              "mode": "time",
              "name": null,
              "show": true,
              "values": []
            },
            "yaxes": [
              {
                "format": "short",
                "label": null,
                "logBase": 1,
                "max": null,
                "min": 0,
                "show": true
              },
              {
                "format": "short",
                "label": null,
                "logBase": 1,
                "max": null,
                "min": null,
                "show": false
              }
            ]
          }
        ],
        "repeat": null,
        "repeatIteration": null,
        "repeatRowId": null,
        "showTitle": true,
        "title": "Memory Requests",
        "titleSize": "h6"
      }
    ],
    "schemaVersion": 14,
    "style": "dark",
    "tags": [],
    "templating": {
      "list": [
        {
          "current": {
            "text": "Prometheus",
            "value": "Prometheus"
          },
          "hide": 0,
          "label": null,
          "name": "datasource",
          "options": [],
          "query": "prometheus",
          "refresh": 1,
          "regex": "",
          "type": "datasource"
        }
      ]
    },
    "time": {
      "from": "now-1h",
      "to": "now"
    },
    "timepicker": {
      "refresh_intervals": [
        "5s",
        "10s",
        "30s",
        "1m",
        "5m",
        "15m",
        "30m",
        "1h",
        "2h",
        "1d"
      ],
      "time_options": [
        "5m",
        "15m",
        "1h",
        "6h",
        "12h",
        "24h",
        "2d",
        "7d",
        "30d"
      ]
    },
    "timezone": "",
    "title": "K8s / Compute Resources / Cluster",
    "uid": "efa86fd1d0c121a26444b636a3f509a8",
    "version": 0
  }