{
    "annotations": {
      "list": []
    },
    "editable": true,
    "gnetId": null,
    "graphTooltip": 0,
    "hideControls": false,
    "links": [],
    "refresh": "10s",
    "rows": [
      {
        "collapse": false,
        "height": "250px",
        "panels": [
          {
            "aliasColors": {},
            "bars": false,
            "dashLength": 10,
            "dashes": false,
            "datasource": "$datasource",
            "fill": 10,
            "id": 0,
            "legend": {
              "avg": false,
              "current": false,
              "max": false,
              "min": false,
              "show": true,
              "total": false,
              "values": false
            },
            "lines": true,
            "linewidth": 0,
            "links": [],
            "nullPointMode": "null as zero",
            "percentage": false,
            "pointradius": 5,
            "points": false,
            "renderer": "flot",
            "seriesOverrides": [],
            "spaceLength": 10,
            "span": 6,
            "stack": true,
            "steppedLine": false,
            "targets": [
              {
                "expr": "node:node_cpu_utilisation:avg1m * node:node_num_cpu:sum / scalar(sum(node:node_num_cpu:sum))",
                "format": "time_series",
                "intervalFactor": 2,
                "legendFormat": "{{node}}",
                "legendLink": "/d/4ac4f123aae0ff6dbaf4f4f66120033b/k8s-node-rsrc-use",
                "step": 10
              }
            ],
            "thresholds": [],
            "timeFrom": null,
            "timeShift": null,
            "title": "CPU Utilisation",
            "tooltip": {
              "shared": true,
              "sort": 0,
              "value_type": "individual"
            },
            "type": "graph",
            "xaxis": {
              "buckets": null,
              "mode": "time",
              "name": null,
              "show": true,
              "values": []
            },
            "yaxes": [
              {
                "format": "percentunit",
                "label": null,
                "logBase": 1,
                "max": 1,
                "min": 0,
                "show": true
              },
              {
                "format": "short",
                "label": null,
                "logBase": 1,
                "max": null,
                "min": null,
                "show": false
              }
            ]
          },
          {
            "aliasColors": {},
            "bars": false,
            "dashLength": 10,
            "dashes": false,
            "datasource": "$datasource",
            "fill": 10,
            "id": 1,
            "legend": {
              "avg": false,
              "current": false,
              "max": false,
              "min": false,
              "show": true,
              "total": false,
              "values": false
            },
            "lines": true,
            "linewidth": 0,
            "links": [],
            "nullPointMode": "null as zero",
            "percentage": false,
            "pointradius": 5,
            "points": false,
            "renderer": "flot",
            "seriesOverrides": [],
            "spaceLength": 10,
            "span": 6,
            "stack": true,
            "steppedLine": false,
            "targets": [
              {
                "expr": "node:node_cpu_saturation_load1: / scalar(sum(min(kube_pod_info) by (node)))",
                "format": "time_series",
                "intervalFactor": 2,
                "legendFormat": "{{node}}",
                "legendLink": "/d/4ac4f123aae0ff6dbaf4f4f66120033b/k8s-node-rsrc-use",
                "step": 10
              }
            ],
            "thresholds": [],
            "timeFrom": null,
            "timeShift": null,
            "title": "CPU Saturation (Load1)",
            "tooltip": {
              "shared": true,
              "sort": 0,
              "value_type": "individual"
            },
            "type": "graph",
            "xaxis": {
              "buckets": null,
              "mode": "time",
              "name": null,
              "show": true,
              "values": []
            },
            "yaxes": [
              {
                "format": "percentunit",
                "label": null,
                "logBase": 1,
                "max": 1,
                "min": 0,
                "show": true
              },
              {
                "format": "short",
                "label": null,
                "logBase": 1,
                "max": null,
                "min": null,
                "show": false
              }
            ]
          }
        ],
        "repeat": null,
        "repeatIteration": null,
        "repeatRowId": null,
        "showTitle": true,
        "title": "CPU",
        "titleSize": "h6"
      },
      {
        "collapse": false,
        "height": "250px",
        "panels": [
          {
            "aliasColors": {},
            "bars": false,
            "dashLength": 10,
            "dashes": false,
            "datasource": "$datasource",
            "fill": 10,
            "id": 2,
            "legend": {
              "avg": false,
              "current": false,
              "max": false,
              "min": false,
              "show": true,
              "total": false,
              "values": false
            },
            "lines": true,
            "linewidth": 0,
            "links": [],
            "nullPointMode": "null as zero",
            "percentage": false,
            "pointradius": 5,
            "points": false,
            "renderer": "flot",
            "seriesOverrides": [],
            "spaceLength": 10,
            "span": 6,
            "stack": true,
            "steppedLine": false,
            "targets": [
              {
                "expr": "node:node_memory_utilisation:ratio",
                "format": "time_series",
                "intervalFactor": 2,
                "legendFormat": "{{node}}",
                "legendLink": "/d/4ac4f123aae0ff6dbaf4f4f66120033b/k8s-node-rsrc-use",
                "step": 10
              }
            ],
            "thresholds": [],
            "timeFrom": null,
            "timeShift": null,
            "title": "Memory Utilisation",
            "tooltip": {
              "shared": true,
              "sort": 0,
              "value_type": "individual"
            },
            "type": "graph",
            "xaxis": {
              "buckets": null,
              "mode": "time",
              "name": null,
              "show": true,
              "values": []
            },
            "yaxes": [
              {
                "format": "percentunit",
                "label": null,
                "logBase": 1,
                "max": 1,
                "min": 0,
                "show": true
              },
              {
                "format": "short",
                "label": null,
                "logBase": 1,
                "max": null,
                "min": null,
                "show": false
              }
            ]
          },
          {
            "aliasColors": {},
            "bars": false,
            "dashLength": 10,
            "dashes": false,
            "datasource": "$datasource",
            "fill": 10,
            "id": 3,
            "legend": {
              "avg": false,
              "current": false,
              "max": false,
              "min": false,
              "show": true,
              "total": false,
              "values": false
            },
            "lines": true,
            "linewidth": 0,
            "links": [],
            "nullPointMode": "null as zero",
            "percentage": false,
            "pointradius": 5,
            "points": false,
            "renderer": "flot",
            "seriesOverrides": [],
            "spaceLength": 10,
            "span": 6,
            "stack": true,
            "steppedLine": false,
            "targets": [
              {
                "expr": "node:node_memory_swap_io_bytes:sum_rate",
                "format": "time_series",
                "intervalFactor": 2,
                "legendFormat": "{{node}}",
                "legendLink": "/d/4ac4f123aae0ff6dbaf4f4f66120033b/k8s-node-rsrc-use",
                "step": 10
              }
            ],
            "thresholds": [],
            "timeFrom": null,
            "timeShift": null,
            "title": "Memory Saturation (Swap I/O)",
            "tooltip": {
              "shared": true,
              "sort": 0,
              "value_type": "individual"
            },
            "type": "graph",
            "xaxis": {
              "buckets": null,
              "mode": "time",
              "name": null,
              "show": true,
              "values": []
            },
            "yaxes": [
              {
                "format": "Bps",
                "label": null,
                "logBase": 1,
                "max": null,
                "min": 0,
                "show": true
              },
              {
                "format": "short",
                "label": null,
                "logBase": 1,
                "max": null,
                "min": null,
                "show": false
              }
            ]
          }
        ],
        "repeat": null,
        "repeatIteration": null,
        "repeatRowId": null,
        "showTitle": true,
        "title": "Memory",
        "titleSize": "h6"
      },
      {
        "collapse": false,
        "height": "250px",
        "panels": [
          {
            "aliasColors": {},
            "bars": false,
            "dashLength": 10,
            "dashes": false,
            "datasource": "$datasource",
            "fill": 10,
            "id": 4,
            "legend": {
              "avg": false,
              "current": false,
              "max": false,
              "min": false,
              "show": true,
              "total": false,
              "values": false
            },
            "lines": true,
            "linewidth": 0,
            "links": [],
            "nullPointMode": "null as zero",
            "percentage": false,
            "pointradius": 5,
            "points": false,
            "renderer": "flot",
            "seriesOverrides": [],
            "spaceLength": 10,
            "span": 6,
            "stack": true,
            "steppedLine": false,
            "targets": [
              {
                "expr": "node:node_disk_utilisation:avg_irate / scalar(:kube_pod_info_node_count:)",
                "format": "time_series",
                "intervalFactor": 2,
                "legendFormat": "{{node}}",
                "legendLink": "/d/4ac4f123aae0ff6dbaf4f4f66120033b/k8s-node-rsrc-use",
                "step": 10
              }
            ],
            "thresholds": [],
            "timeFrom": null,
            "timeShift": null,
            "title": "Disk IO Utilisation",
            "tooltip": {
              "shared": true,
              "sort": 0,
              "value_type": "individual"
            },
            "type": "graph",
            "xaxis": {
              "buckets": null,
              "mode": "time",
              "name": null,
              "show": true,
              "values": []
            },
            "yaxes": [
              {
                "format": "percentunit",
                "label": null,
                "logBase": 1,
                "max": 1,
                "min": 0,
                "show": true
              },
              {
                "format": "short",
                "label": null,
                "logBase": 1,
                "max": null,
                "min": null,
                "show": false
              }
            ]
          },
          {
            "aliasColors": {},
            "bars": false,
            "dashLength": 10,
            "dashes": false,
            "datasource": "$datasource",
            "fill": 10,
            "id": 5,
            "legend": {
              "avg": false,
              "current": false,
              "max": false,
              "min": false,
              "show": true,
              "total": false,
              "values": false
            },
            "lines": true,
            "linewidth": 0,
            "links": [],
            "nullPointMode": "null as zero",
            "percentage": false,
            "pointradius": 5,
            "points": false,
            "renderer": "flot",
            "seriesOverrides": [],
            "spaceLength": 10,
            "span": 6,
            "stack": true,
            "steppedLine": false,
            "targets": [
              {
                "expr": "node:node_disk_saturation:avg_irate / scalar(:kube_pod_info_node_count:)",
                "format": "time_series",
                "intervalFactor": 2,
                "legendFormat": "{{node}}",
                "legendLink": "/d/4ac4f123aae0ff6dbaf4f4f66120033b/k8s-node-rsrc-use",
                "step": 10
              }
            ],
            "thresholds": [],
            "timeFrom": null,
            "timeShift": null,
            "title": "Disk IO Saturation",
            "tooltip": {
              "shared": true,
              "sort": 0,
              "value_type": "individual"
            },
            "type": "graph",
            "xaxis": {
              "buckets": null,
              "mode": "time",
              "name": null,
              "show": true,
              "values": []
            },
            "yaxes": [
              {
                "format": "percentunit",
                "label": null,
                "logBase": 1,
                "max": 1,
                "min": 0,
                "show": true
              },
              {
                "format": "short",
                "label": null,
                "logBase": 1,
                "max": null,
                "min": null,
                "show": false
              }
            ]
          }
        ],
        "repeat": null,
        "repeatIteration": null,
        "repeatRowId": null,
        "showTitle": true,
        "title": "Disk",
        "titleSize": "h6"
      },
      {
        "collapse": false,
        "height": "250px",
        "panels": [
          {
            "aliasColors": {},
            "bars": false,
            "dashLength": 10,
            "dashes": false,
            "datasource": "$datasource",
            "fill": 10,
            "id": 6,
            "legend": {
              "avg": false,
              "current": false,
              "max": false,
              "min": false,
              "show": true,
              "total": false,
              "values": false
            },
            "lines": true,
            "linewidth": 0,
            "links": [],
            "nullPointMode": "null as zero",
            "percentage": false,
            "pointradius": 5,
            "points": false,
            "renderer": "flot",
            "seriesOverrides": [],
            "spaceLength": 10,
            "span": 6,
            "stack": true,
            "steppedLine": false,
            "targets": [
              {
                "expr": "node:node_net_utilisation:sum_irate",
                "format": "time_series",
                "intervalFactor": 2,
                "legendFormat": "{{node}}",
                "legendLink": "/d/4ac4f123aae0ff6dbaf4f4f66120033b/k8s-node-rsrc-use",
                "step": 10
              }
            ],
            "thresholds": [],
            "timeFrom": null,
            "timeShift": null,
            "title": "Net Utilisation (Transmitted)",
            "tooltip": {
              "shared": true,
              "sort": 0,
              "value_type": "individual"
            },
            "type": "graph",
            "xaxis": {
              "buckets": null,
              "mode": "time",
              "name": null,
              "show": true,
              "values": []
            },
            "yaxes": [
              {
                "format": "Bps",
                "label": null,
                "logBase": 1,
                "max": null,
                "min": 0,
                "show": true
              },
              {
                "format": "short",
                "label": null,
                "logBase": 1,
                "max": null,
                "min": null,
                "show": false
              }
            ]
          },
          {
            "aliasColors": {},
            "bars": false,
            "dashLength": 10,
            "dashes": false,
            "datasource": "$datasource",
            "fill": 10,
            "id": 7,
            "legend": {
              "avg": false,
              "current": false,
              "max": false,
              "min": false,
              "show": true,
              "total": false,
              "values": false
            },
            "lines": true,
            "linewidth": 0,
            "links": [],
            "nullPointMode": "null as zero",
            "percentage": false,
            "pointradius": 5,
            "points": false,
            "renderer": "flot",
            "seriesOverrides": [],
            "spaceLength": 10,
            "span": 6,
            "stack": true,
            "steppedLine": false,
            "targets": [
              {
                "expr": "node:node_net_saturation:sum_irate",
                "format": "time_series",
                "intervalFactor": 2,
                "legendFormat": "{{node}}",
                "legendLink": "/d/4ac4f123aae0ff6dbaf4f4f66120033b/k8s-node-rsrc-use",
                "step": 10
              }
            ],
            "thresholds": [],
            "timeFrom": null,
            "timeShift": null,
            "title": "Net Saturation (Dropped)",
            "tooltip": {
              "shared": true,
              "sort": 0,
              "value_type": "individual"
            },
            "type": "graph",
            "xaxis": {
              "buckets": null,
              "mode": "time",
              "name": null,
              "show": true,
              "values": []
            },
            "yaxes": [
              {
                "format": "Bps",
                "label": null,
                "logBase": 1,
                "max": null,
                "min": 0,
                "show": true
              },
              {
                "format": "short",
                "label": null,
                "logBase": 1,
                "max": null,
                "min": null,
                "show": false
              }
            ]
          }
        ],
        "repeat": null,
        "repeatIteration": null,
        "repeatRowId": null,
        "showTitle": true,
        "title": "Network",
        "titleSize": "h6"
      },
      {
        "collapse": false,
        "height": "250px",
        "panels": [
          {
            "aliasColors": {},
            "bars": false,
            "dashLength": 10,
            "dashes": false,
            "datasource": "$datasource",
            "fill": 10,
            "id": 8,
            "legend": {
              "avg": false,
              "current": false,
              "max": false,
              "min": false,
              "show": true,
              "total": false,
              "values": false
            },
            "lines": true,
            "linewidth": 0,
            "links": [],
            "nullPointMode": "null as zero",
            "percentage": false,
            "pointradius": 5,
            "points": false,
            "renderer": "flot",
            "seriesOverrides": [],
            "spaceLength": 10,
            "span": 12,
            "stack": true,
            "steppedLine": false,
            "targets": [
              {
                "expr": "sum(max(node_filesystem_size{fstype=~\"ext[234]|btrfs|xfs|zfs\"} - node_filesystem_avail{fstype=~\"ext[234]|btrfs|xfs|zfs\"}) by (device,pod,namespace)) by (pod,namespace)\n/ scalar(sum(max(node_filesystem_size{fstype=~\"ext[234]|btrfs|xfs|zfs\"}) by (device,pod,namespace)))\n* on (namespace, pod) group_left (node) node_namespace_pod:kube_pod_info:\n",
                "format": "time_series",
                "intervalFactor": 2,
                "legendFormat": "{{node}}",
                "legendLink": "/d/4ac4f123aae0ff6dbaf4f4f66120033b/k8s-node-rsrc-use",
                "step": 10
              }
            ],
            "thresholds": [],
            "timeFrom": null,
            "timeShift": null,
            "title": "Disk Capacity",
            "tooltip": {
              "shared": true,
              "sort": 0,
              "value_type": "individual"
            },
            "type": "graph",
            "xaxis": {
              "buckets": null,
              "mode": "time",
              "name": null,
              "show": true,
              "values": []
            },
            "yaxes": [
              {
                "format": "percentunit",
                "label": null,
                "logBase": 1,
                "max": 1,
                "min": 0,
                "show": true
              },
              {
                "format": "short",
                "label": null,
                "logBase": 1,
                "max": null,
                "min": null,
                "show": false
              }
            ]
          }
        ],
        "repeat": null,
        "repeatIteration": null,
        "repeatRowId": null,
        "showTitle": true,
        "title": "Storage",
        "titleSize": "h6"
      }
    ],
    "schemaVersion": 14,
    "style": "dark",
    "tags": [],
    "templating": {
      "list": [
        {
          "current": {
            "text": "Prometheus",
            "value": "Prometheus"
          },
          "hide": 0,
          "label": null,
          "name": "datasource",
          "options": [],
          "query": "prometheus",
          "refresh": 1,
          "regex": "",
          "type": "datasource"
        }
      ]
    },
    "time": {
      "from": "now-1h",
      "to": "now"
    },
    "timepicker": {
      "refresh_intervals": [
        "5s",
        "10s",
        "30s",
        "1m",
        "5m",
        "15m",
        "30m",
        "1h",
        "2h",
        "1d"
      ],
      "time_options": [
        "5m",
        "15m",
        "1h",
        "6h",
        "12h",
        "24h",
        "2d",
        "7d",
        "30d"
      ]
    },
    "timezone": "",
    "title": "K8s / USE Method / Cluster",
    "uid": "a6e7d1362e1ddbb79db21d5bb40d7137",
    "version": 0
  }