{
  "__inputs": [],
  "__requires": [
    {
      "type": "grafana",
      "id": "grafana",
      "name": "Grafana",
      "version": "4.6.0"
    },
    {
      "type": "panel",
      "id": "graph",
      "name": "Graph",
      "version": ""
    },
    {
      "type": "datasource",
      "id": "prometheus",
      "name": "Prometheus",
      "version": "1.0.0"
    }
  ],
  "annotations": {
    "list": [
      {
        "builtIn": 1,
        "datasource": "-- Grafana --",
        "enable": true,
        "hide": true,
        "iconColor": "rgba(0, 211, 255, 1)",
        "name": "Annotations & Alerts",
        "type": "dashboard"
      }
    ]
  },
  "editable": true,
  "gnetId": null,
  "graphTooltip": 1,
  "hideControls": false,
  "id": null,
  "links": [
    {
      "icon": "external link",
      "includeVars": true,
      "tags": [
        "k8s",
        "resources"
      ],
      "targetBlank": true,
      "type": "dashboards"
    }
  ],
  "rows": [
    {
      "collapse": false,
      "height": 300,
      "panels": [
        {
          "aliasColors": {},
          "bars": false,
          "dashLength": 10,
          "dashes": false,
          "datasource": "$datasource",
          "decimals": 2,
          "fill": 1,
          "id": 5,
          "legend": {
            "alignAsTable": true,
            "avg": true,
            "current": true,
            "max": true,
            "min": false,
            "rightSide": true,
            "show": true,
            "sort": "max",
            "sortDesc": true,
            "total": false,
            "values": true
          },
          "lines": true,
          "linewidth": 1,
          "links": [],
          "nullPointMode": "null",
          "percentage": false,
          "pointradius": 5,
          "points": false,
          "renderer": "flot",
          "seriesOverrides": [],
          "spaceLength": 10,
          "span": 12,
          "stack": false,
          "steppedLine": false,
          "targets": [
            {
              "expr": "topk($top, sum(rate(container_cpu_usage_seconds_total{kubernetes_io_role=\"$role\",namespace=~\"$namespace\",pod_name=~\"$pod_name.*\",container_name=~\"$container_name\"}[$_interval])) without (cpu)) > 1e-3",
              "format": "time_series",
              "interval": "",
              "intervalFactor": 2,
              "legendFormat": "{{cluster}} - {{ pod_name }}/{{ container_name }}",
              "metric": "container_cpu_usage_seconds_total",
              "refId": "A",
              "step": 60
            }
          ],
          "thresholds": [],
          "timeFrom": null,
          "timeShift": null,
          "title": "top$top container CPU usage  for ns=\"$namespace\" (pod_name=\"$pod_name\",container_name=\"$container_name\")",
          "tooltip": {
            "shared": true,
            "sort": 2,
            "value_type": "individual"
          },
          "type": "graph",
          "xaxis": {
            "buckets": null,
            "mode": "time",
            "name": null,
            "show": true,
            "values": []
          },
          "yaxes": [
            {
              "format": "short",
              "label": null,
              "logBase": 1,
              "max": null,
              "min": null,
              "show": true
            },
            {
              "format": "short",
              "label": null,
              "logBase": 1,
              "max": null,
              "min": null,
              "show": true
            }
          ]
        },
        {
          "aliasColors": {},
          "bars": false,
          "dashLength": 10,
          "dashes": false,
          "datasource": "$datasource",
          "fill": 1,
          "id": 3,
          "legend": {
            "alignAsTable": true,
            "avg": true,
            "current": false,
            "max": true,
            "min": false,
            "rightSide": true,
            "show": true,
            "sort": "max",
            "sortDesc": true,
            "total": false,
            "values": true
          },
          "lines": true,
          "linewidth": 1,
          "links": [],
          "nullPointMode": "null",
          "percentage": false,
          "pointradius": 5,
          "points": false,
          "renderer": "flot",
          "seriesOverrides": [],
          "spaceLength": 10,
          "span": 12,
          "stack": false,
          "steppedLine": false,
          "targets": [
            {
              "expr": "topk($top, container_memory_working_set_bytes{kubernetes_io_role=\"$role\",namespace=~\"$namespace\",pod_name=~\"$pod_name.*\",container_name=~\"$container_name\"})",
              "format": "time_series",
              "interval": "",
              "intervalFactor": 2,
              "legendFormat": "{{cluster}} - {{ pod_name }}/{{ container_name }}",
              "metric": "container_memory_rss",
              "refId": "A",
              "step": 60
            }
          ],
          "thresholds": [],
          "timeFrom": null,
          "timeShift": null,
          "title": "top$top container MEM usage  for ns=\"$namespace\" (pod_name=\"$pod_name\",container_name=\"$container_name\")",
          "tooltip": {
            "shared": true,
            "sort": 2,
            "value_type": "individual"
          },
          "type": "graph",
          "xaxis": {
            "buckets": null,
            "mode": "time",
            "name": null,
            "show": true,
            "values": []
          },
          "yaxes": [
            {
              "format": "bytes",
              "label": null,
              "logBase": 1,
              "max": null,
              "min": null,
              "show": true
            },
            {
              "format": "short",
              "label": null,
              "logBase": 1,
              "max": null,
              "min": null,
              "show": true
            }
          ]
        }
      ],
      "repeat": null,
      "repeatIteration": null,
      "repeatRowId": null,
      "showTitle": true,
      "title": "Containers CPU and MEM",
      "titleSize": "h6"
    },
    {
      "collapse": true,
      "height": "290",
      "panels": [
        {
          "aliasColors": {},
          "bars": false,
          "dashLength": 10,
          "dashes": false,
          "datasource": "$datasource",
          "fill": 1,
          "id": 7,
          "legend": {
            "alignAsTable": true,
            "avg": false,
            "current": false,
            "max": true,
            "min": true,
            "rightSide": true,
            "show": true,
            "sort": "max",
            "sortDesc": true,
            "total": false,
            "values": true
          },
          "lines": true,
          "linewidth": 1,
          "links": [],
          "nullPointMode": "null",
          "percentage": false,
          "pointradius": 5,
          "points": false,
          "renderer": "flot",
          "seriesOverrides": [],
          "spaceLength": 10,
          "span": 12,
          "stack": false,
          "steppedLine": false,
          "targets": [
            {
              "expr": "topk($top, sum(rate(container_fs_reads_bytes_total{kubernetes_io_role=\"$role\",namespace=~\"$namespace\",pod_name=~\"$pod_name.*\",container_name=~\"$container_name\"}[$_interval])) without (cpu)) > 0",
              "format": "time_series",
              "hide": false,
              "interval": "",
              "intervalFactor": 2,
              "legendFormat": "{{cluster}} - {{ pod_name }}/{{ container_name }}",
              "refId": "A",
              "step": 4
            },
            {
              "expr": "- topk($top, sum(rate(container_fs_writes_bytes_total{kubernetes_io_role=\"$role\",namespace=~\"$namespace\",pod_name=~\"$pod_name.*\",container_name=~\"$container_name\"}[$_interval])) without (cpu)) < 0",
              "format": "time_series",
              "intervalFactor": 2,
              "legendFormat": "{{cluster}} - {{ pod_name }}/{{ container_name }}",
              "refId": "B",
              "step": 4
            }
          ],
          "thresholds": [],
          "timeFrom": null,
          "timeShift": null,
          "title": "top$top container IO +R -W for ns=\"$namespace\" (pod_name=\"$pod_name\",container_name=\"$container_name\") [bytes/sec]",
          "tooltip": {
            "shared": true,
            "sort": 1,
            "value_type": "individual"
          },
          "type": "graph",
          "xaxis": {
            "buckets": null,
            "mode": "time",
            "name": null,
            "show": true,
            "values": []
          },
          "yaxes": [
            {
              "format": "Bps",
              "label": null,
              "logBase": 1,
              "max": null,
              "min": null,
              "show": true
            },
            {
              "format": "short",
              "label": null,
              "logBase": 1,
              "max": null,
              "min": null,
              "show": false
            }
          ]
        },
        {
          "aliasColors": {},
          "bars": false,
          "dashLength": 10,
          "dashes": false,
          "datasource": "$datasource",
          "fill": 1,
          "id": 8,
          "legend": {
            "alignAsTable": true,
            "avg": false,
            "current": false,
            "max": true,
            "min": true,
            "rightSide": true,
            "show": true,
            "sort": "max",
            "sortDesc": true,
            "total": false,
            "values": true
          },
          "lines": true,
          "linewidth": 1,
          "links": [],
          "nullPointMode": "null",
          "percentage": false,
          "pointradius": 5,
          "points": false,
          "renderer": "flot",
          "seriesOverrides": [],
          "spaceLength": 10,
          "span": 12,
          "stack": false,
          "steppedLine": false,
          "targets": [
            {
              "expr": "topk($top, sum(rate(container_fs_reads_total{kubernetes_io_role=\"$role\",namespace=~\"$namespace\",pod_name=~\"$pod_name.*\",container_name=~\"$container_name\"}[$_interval])) without (cpu)) > 0",
              "format": "time_series",
              "hide": false,
              "interval": "",
              "intervalFactor": 2,
              "legendFormat": "{{cluster}} - {{ pod_name}}/{{ container_name }}",
              "refId": "A",
              "step": 4
            },
            {
              "expr": "- topk($top, sum(rate(container_fs_writes_total{kubernetes_io_role=\"$role\",namespace=~\"$namespace\",pod_name=~\"$pod_name.*\",container_name=~\"$container_name\"}[$_interval])) without (cpu)) < 0",
              "format": "time_series",
              "intervalFactor": 2,
              "legendFormat": "{{cluster}} - {{ pod_name}}/{{ container_name }}",
              "refId": "B",
              "step": 4
            }
          ],
          "thresholds": [],
          "timeFrom": null,
          "timeShift": null,
          "title": "top$top container IO +R -W ns=\"$namespace\" (pod_name=\"$pod_name\",container_name=\"$container_name\") [iops]",
          "tooltip": {
            "shared": true,
            "sort": 1,
            "value_type": "individual"
          },
          "type": "graph",
          "xaxis": {
            "buckets": null,
            "mode": "time",
            "name": null,
            "show": true,
            "values": []
          },
          "yaxes": [
            {
              "format": "iops",
              "label": null,
              "logBase": 1,
              "max": null,
              "min": null,
              "show": true
            },
            {
              "format": "short",
              "label": null,
              "logBase": 1,
              "max": null,
              "min": null,
              "show": false
            }
          ]
        }
      ],
      "repeat": null,
      "repeatIteration": null,
      "repeatRowId": null,
      "showTitle": true,
      "title": "Containers I/O",
      "titleSize": "h6"
    },
    {
      "collapse": true,
      "height": 284,
      "panels": [
        {
          "aliasColors": {},
          "bars": false,
          "dashLength": 10,
          "dashes": false,
          "datasource": "$datasource",
          "fill": 1,
          "id": 10,
          "legend": {
            "alignAsTable": true,
            "avg": false,
            "current": false,
            "max": true,
            "min": true,
            "rightSide": true,
            "show": true,
            "sort": "max",
            "sortDesc": true,
            "total": false,
            "values": true
          },
          "lines": true,
          "linewidth": 1,
          "links": [],
          "nullPointMode": "null",
          "percentage": false,
          "pointradius": 5,
          "points": false,
          "renderer": "flot",
          "seriesOverrides": [],
          "spaceLength": 10,
          "span": 12,
          "stack": false,
          "steppedLine": false,
          "targets": [
            {
              "expr": "topk($top, sum(rate(container_network_receive_bytes_total{kubernetes_io_role=\"$role\",namespace=~\"$namespace\",pod_name=~\"$pod_name.*\"}[$_interval])) without (cpu)) > 0",
              "format": "time_series",
              "hide": false,
              "interval": "",
              "intervalFactor": 2,
              "legendFormat": "{{cluster}} - {{ pod_name}}",
              "refId": "A",
              "step": 4
            },
            {
              "expr": "- topk($top, sum(rate(container_network_transmit_bytes_total{kubernetes_io_role=\"$role\",namespace=~\"$namespace\",container_name=~\"$container_name\",pod_name=~\"$pod_name.*\"}[$_interval])) without (cpu)) < 0",
              "format": "time_series",
              "intervalFactor": 2,
              "legendFormat": "{{cluster}} - {{ pod_name}}",
              "refId": "B",
              "step": 4
            }
          ],
          "thresholds": [],
          "timeFrom": null,
          "timeShift": null,
          "title": "top$top Pod Network +RX -TX ns=\"$namespace\" (pod_name=\"$pod_name\") [Bytes/sec]",
          "tooltip": {
            "shared": true,
            "sort": 1,
            "value_type": "individual"
          },
          "type": "graph",
          "xaxis": {
            "buckets": null,
            "mode": "time",
            "name": null,
            "show": true,
            "values": []
          },
          "yaxes": [
            {
              "format": "Bps",
              "label": null,
              "logBase": 1,
              "max": null,
              "min": null,
              "show": true
            },
            {
              "format": "short",
              "label": null,
              "logBase": 1,
              "max": null,
              "min": null,
              "show": false
            }
          ]
        },
        {
          "aliasColors": {},
          "bars": false,
          "dashLength": 10,
          "dashes": false,
          "datasource": "$datasource",
          "fill": 1,
          "id": 11,
          "legend": {
            "alignAsTable": true,
            "avg": false,
            "current": false,
            "max": true,
            "min": true,
            "rightSide": true,
            "show": true,
            "sort": "max",
            "sortDesc": true,
            "total": false,
            "values": true
          },
          "lines": true,
          "linewidth": 1,
          "links": [],
          "nullPointMode": "null",
          "percentage": false,
          "pointradius": 5,
          "points": false,
          "renderer": "flot",
          "seriesOverrides": [],
          "spaceLength": 10,
          "span": 12,
          "stack": false,
          "steppedLine": false,
          "targets": [
            {
              "expr": "topk($top, sum(rate(container_network_receive_packets_total{kubernetes_io_role=\"$role\",namespace=~\"$namespace\",pod_name=~\"$pod_name.*\"}[$_interval])) without (cpu)) > 0",
              "format": "time_series",
              "hide": false,
              "interval": "",
              "intervalFactor": 2,
              "legendFormat": "{{cluster}} - {{ pod_name }}",
              "refId": "A",
              "step": 4
            },
            {
              "expr": "- topk($top, sum(rate(container_network_transmit_packets_total{kubernetes_io_role=\"$role\",namespace=~\"$namespace\",pod_name=~\"$pod_name.*\"}[$_interval])) without (cpu)) < 0",
              "format": "time_series",
              "hide": false,
              "intervalFactor": 2,
              "legendFormat": "{{cluster}} - {{ pod_name }}",
              "refId": "B",
              "step": 4
            }
          ],
          "thresholds": [],
          "timeFrom": null,
          "timeShift": null,
          "title": "top$top Pod Network +RX -TX ns=\"$namespace\" (pod_name=\"$pod_name\") [pkts/sec]",
          "tooltip": {
            "shared": true,
            "sort": 1,
            "value_type": "individual"
          },
          "type": "graph",
          "xaxis": {
            "buckets": null,
            "mode": "time",
            "name": null,
            "show": true,
            "values": []
          },
          "yaxes": [
            {
              "format": "pps",
              "label": null,
              "logBase": 1,
              "max": null,
              "min": null,
              "show": true
            },
            {
              "format": "short",
              "label": null,
              "logBase": 1,
              "max": null,
              "min": null,
              "show": false
            }
          ]
        }
      ],
      "repeat": null,
      "repeatIteration": null,
      "repeatRowId": null,
      "showTitle": true,
      "title": "Pods Network traffic",
      "titleSize": "h6"
    }
  ],
  "schemaVersion": 14,
  "style": "dark",
  "tags": [
    "k8s",
    "resources",
    "parm_namespace",
    "view_pod"
  ],
  "templating": {
    "list": [
      {
        "hide": 0,
        "label": null,
        "name": "datasource",
        "options": [],
        "query": "prometheus",
        "refresh": 1,
        "regex": "",
        "type": "datasource"
      },
      {
        "allValue": null,
        "current": {},
        "datasource": "$datasource",
        "hide": 2,
        "includeAll": false,
        "label": null,
        "multi": false,
        "name": "role",
        "options": [],
        "query": "up{kubernetes_io_role!=\"\"}",
        "refresh": 1,
        "regex": "/.*kubernetes_io_role=\"(.+)\".*/",
        "sort": 0,
        "tagValuesQuery": "",
        "tags": [],
        "tagsQuery": "",
        "type": "query",
        "useTags": false
      },
      {
        "allValue": null,
        "current": {
          "selected": true,
          "text": "10",
          "value": "10"
        },
        "hide": 0,
        "includeAll": false,
        "label": null,
        "multi": false,
        "name": "top",
        "options": [
          {
            "selected": false,
            "text": "5",
            "value": "5"
          },
          {
            "selected": true,
            "text": "10",
            "value": "10"
          },
          {
            "selected": false,
            "text": "20",
            "value": "20"
          },
          {
            "selected": false,
            "text": "100",
            "value": "100"
          }
        ],
        "query": "5,10,20,100",
        "type": "custom"
      },
      {
        "allValue": ".+",
        "current": {},
        "datasource": "$datasource",
        "hide": 0,
        "includeAll": true,
        "label": null,
        "multi": true,
        "name": "namespace",
        "options": [],
        "query": "kube_pod_container_status_running",
        "refresh": 1,
        "regex": "/.*,namespace=\"([^\"]+)\".*/",
        "sort": 1,
        "tagValuesQuery": "",
        "tags": [],
        "tagsQuery": "",
        "type": "query",
        "useTags": false
      },
      {
        "allValue": ".*",
        "current": {},
        "datasource": "$datasource",
        "hide": 0,
        "includeAll": true,
        "label": "pod",
        "multi": false,
        "name": "pod_name",
        "options": [],
        "query": "kube_pod_container_status_running",
        "refresh": 1,
        "regex": "/.*pod=\"([a-z0-9-]+?)(?:-([0-9a-f]+-)?.....(-.....)?|-[0-9]+)?\".*/",
        "sort": 1,
        "tagValuesQuery": "",
        "tags": [],
        "tagsQuery": "",
        "type": "query",
        "useTags": false
      },
      {
        "allValue": ".+",
        "current": {},
        "datasource": "$datasource",
        "hide": 0,
        "includeAll": true,
        "label": "container",
        "multi": false,
        "name": "container_name",
        "options": [],
        "query": "kube_pod_container_status_running",
        "refresh": 1,
        "regex": "/.*container=\"([^\"]+)\".*/",
        "sort": 1,
        "tagValuesQuery": "",
        "tags": [],
        "tagsQuery": "",
        "type": "query",
        "useTags": false
      },
      {
        "auto": true,
        "auto_count": 30,
        "auto_min": "5m",
        "current": {
          "text": "2m",
          "value": "2m"
        },
        "hide": 2,
        "label": null,
        "name": "_interval",
        "options": [
          {
            "selected": false,
            "text": "auto",
            "value": "$__auto_interval"
          },
          {
            "selected": false,
            "text": "5m",
            "value": "5m"
          },
          {
            "selected": false,
            "text": "10m",
            "value": "10m"
          },
          {
            "selected": false,
            "text": "30m",
            "value": "30m"
          },
          {
            "selected": false,
            "text": "1h",
            "value": "1h"
          },
          {
            "selected": false,
            "text": "6h",
            "value": "6h"
          },
          {
            "selected": false,
            "text": "12h",
            "value": "12h"
          },
          {
            "selected": false,
            "text": "1d",
            "value": "1d"
          },
          {
            "selected": false,
            "text": "7d",
            "value": "7d"
          },
          {
            "selected": false,
            "text": "14d",
            "value": "14d"
          },
          {
            "selected": false,
            "text": "30d",
            "value": "30d"
          }
        ],
        "query": "5m,10m,30m,1h,6h,12h,1d,7d,14d,30d",
        "refresh": 2,
        "type": "interval"
      }
    ]
  },
  "time": {
    "from": "now-12h",
    "to": "now"
  },
  "timepicker": {
    "refresh_intervals": [
      "5s",
      "10s",
      "30s",
      "1m",
      "5m",
      "15m",
      "30m",
      "1h",
      "2h",
      "1d"
    ],
    "time_options": [
      "5m",
      "15m",
      "1h",
      "6h",
      "12h",
      "24h",
      "2d",
      "7d",
      "30d"
    ]
  },
  "timezone": "",
  "title": "Kubernetes resource usage per namespace and pod",
  "version": 4
}
