{
    "annotations": {
      "list": [
        {
          "builtIn": 1,
          "datasource": "-- Grafana --",
          "enable": true,
          "hide": true,
          "iconColor": "rgba(0, 211, 255, 1)",
          "name": "Annotations & Alerts",
          "type": "dashboard"
        }
      ]
    },
    "description": "Cluster capacity level overview",
    "editable": true,
    "gnetId": 7249,
    "graphTooltip": 0,
    "id": 459209,
    "iteration": 1555692831012,
    "links": [],
    "panels": [
      {
        "cacheTimeout": null,
        "colorBackground": false,
        "colorValue": false,
        "colors": [
          "#299c46",
          "rgba(237, 129, 40, 0.89)",
          "#d44a3a"
        ],
        "datasource": "$datasource",
        "format": "none",
        "gauge": {
          "maxValue": 100,
          "minValue": 0,
          "show": false,
          "thresholdLabels": false,
          "thresholdMarkers": true
        },
        "gridPos": {
          "h": 6,
          "w": 4,
          "x": 0,
          "y": 0
        },
        "id": 21,
        "interval": null,
        "links": [],
        "mappingType": 1,
        "mappingTypes": [
          {
            "name": "value to text",
            "value": 1
          },
          {
            "name": "range to text",
            "value": 2
          }
        ],
        "maxDataPoints": 100,
        "nullPointMode": "connected",
        "nullText": null,
        "postfix": "",
        "postfixFontSize": "50%",
        "prefix": "",
        "prefixFontSize": "50%",
        "rangeMaps": [
          {
            "from": "null",
            "text": "N/A",
            "to": "null"
          }
        ],
        "sparkline": {
          "fillColor": "rgba(31, 118, 189, 0.18)",
          "full": false,
          "lineColor": "rgb(31, 120, 193)",
          "show": true
        },
        "tableColumn": "",
        "targets": [
          {
            "expr": "sum by (name) (delta (nginx_ingress_controller_nginx_process_connections_total{state='accepted'}[1h]))",
            "format": "time_series",
            "instant": false,
            "intervalFactor": 1,
            "refId": "A"
          }
        ],
        "thresholds": "",
        "title": "Ingress accepted connections in last hour",
        "type": "singlestat",
        "valueFontSize": "80%",
        "valueMaps": [
          {
            "op": "=",
            "text": "N/A",
            "value": "null"
          }
        ],
        "valueName": "avg"
      },
      {
        "cacheTimeout": null,
        "colorBackground": false,
        "colorValue": false,
        "colors": [
          "rgba(50, 172, 45, 0.97)",
          "rgba(237, 129, 40, 0.89)",
          "rgba(245, 54, 54, 0.9)"
        ],
        "datasource": "$datasource",
        "decimals": 2,
        "format": "percentunit",
        "gauge": {
          "maxValue": 1,
          "minValue": 0,
          "show": true,
          "thresholdLabels": false,
          "thresholdMarkers": true
        },
        "gridPos": {
          "h": 6,
          "w": 3,
          "x": 4,
          "y": 0
        },
        "id": 4,
        "interval": null,
        "links": [],
        "mappingType": 1,
        "mappingTypes": [
          {
            "name": "value to text",
            "value": 1
          },
          {
            "name": "range to text",
            "value": 2
          }
        ],
        "maxDataPoints": 100,
        "nullPointMode": "connected",
        "nullText": null,
        "postfix": "",
        "postfixFontSize": "50%",
        "prefix": "",
        "prefixFontSize": "50%",
        "rangeMaps": [
          {
            "from": "null",
            "text": "N/A",
            "to": "null"
          }
        ],
        "sparkline": {
          "fillColor": "rgba(31, 118, 189, 0.18)",
          "full": false,
          "lineColor": "rgb(31, 120, 193)",
          "show": true
        },
        "tableColumn": "",
        "targets": [
          {
            "expr": "((sum(node_memory_MemTotal_bytes) - sum(node_memory_MemFree_bytes) - sum(node_memory_Buffers_bytes) - sum(node_memory_Cached_bytes)) / sum(node_memory_MemTotal_bytes))",
            "format": "time_series",
            "intervalFactor": 2,
            "legendFormat": "",
            "refId": "A",
            "step": 40
          }
        ],
        "thresholds": "0.7, 0.9",
        "title": "Cluster memory usage",
        "type": "singlestat",
        "valueFontSize": "80%",
        "valueMaps": [
          {
            "op": "=",
            "text": "N/A",
            "value": "null"
          }
        ],
        "valueName": "min"
      },
      {
        "cacheTimeout": null,
        "colorBackground": false,
        "colorValue": false,
        "colors": [
          "rgba(50, 172, 45, 0.97)",
          "rgba(237, 129, 40, 0.89)",
          "rgba(245, 54, 54, 0.9)"
        ],
        "datasource": "$datasource",
        "description": "",
        "format": "percentunit",
        "gauge": {
          "maxValue": 1,
          "minValue": 0,
          "show": true,
          "thresholdLabels": false,
          "thresholdMarkers": true
        },
        "gridPos": {
          "h": 6,
          "w": 3,
          "x": 7,
          "y": 0
        },
        "id": 2,
        "interval": null,
        "links": [],
        "mappingType": 1,
        "mappingTypes": [
          {
            "name": "value to text",
            "value": 1
          },
          {
            "name": "range to text",
            "value": 2
          }
        ],
        "maxDataPoints": 100,
        "nullPointMode": "connected",
        "nullText": null,
        "postfix": "",
        "postfixFontSize": "50%",
        "prefix": "",
        "prefixFontSize": "50%",
        "rangeMaps": [
          {
            "from": "null",
            "text": "N/A",
            "to": "null"
          }
        ],
        "sparkline": {
          "fillColor": "rgba(31, 118, 189, 0.18)",
          "full": false,
          "lineColor": "rgb(31, 120, 193)",
          "show": true
        },
        "tableColumn": "",
        "targets": [
          {
            "expr": "(sum(node_filesystem_size_bytes{device!=\"rootfs\"}) - sum(node_filesystem_free_bytes{device!=\"rootfs\"})) / sum(node_filesystem_size_bytes{device!=\"rootfs\"})",
            "format": "time_series",
            "intervalFactor": 2,
            "refId": "A",
            "step": 40
          }
        ],
        "thresholds": "0.75, 0.9",
        "title": "Disk space usage",
        "type": "singlestat",
        "valueFontSize": "80%",
        "valueMaps": [
          {
            "op": "=",
            "text": "N/A",
            "value": "null"
          }
        ],
        "valueName": "avg"
      },
      {
        "aliasColors": {},
        "bars": false,
        "dashLength": 10,
        "dashes": false,
        "datasource": "$datasource",
        "fill": 1,
        "gridPos": {
          "h": 6,
          "w": 4,
          "x": 10,
          "y": 0
        },
        "id": 27,
        "legend": {
          "avg": false,
          "current": false,
          "max": false,
          "min": false,
          "show": false,
          "total": false,
          "values": false
        },
        "lines": true,
        "linewidth": 1,
        "links": [],
        "nullPointMode": "null",
        "percentage": false,
        "pointradius": 5,
        "points": false,
        "renderer": "flot",
        "seriesOverrides": [],
        "spaceLength": 10,
        "stack": false,
        "steppedLine": false,
        "targets": [
          {
            "expr": "sum(kube_pod_info)",
            "format": "time_series",
            "intervalFactor": 2,
            "legendFormat": "Current number of Pods",
            "refId": "A"
          },
          {
            "expr": "sum(kube_node_status_capacity_pods)",
            "format": "time_series",
            "intervalFactor": 2,
            "legendFormat": "Maximum node capacity of pods",
            "refId": "B"
          }
        ],
        "thresholds": [],
        "timeFrom": null,
        "timeRegions": [],
        "timeShift": null,
        "title": "Cluster pod utilization",
        "tooltip": {
          "shared": true,
          "sort": 0,
          "value_type": "individual"
        },
        "type": "graph",
        "xaxis": {
          "buckets": null,
          "mode": "time",
          "name": null,
          "show": true,
          "values": []
        },
        "yaxes": [
          {
            "format": "short",
            "label": null,
            "logBase": 1,
            "max": null,
            "min": null,
            "show": true
          },
          {
            "format": "short",
            "label": null,
            "logBase": 1,
            "max": null,
            "min": null,
            "show": true
          }
        ],
        "yaxis": {
          "align": false,
          "alignLevel": null
        }
      },
      {
        "columns": [],
        "datasource": "$datasource",
        "fontSize": "90%",
        "gridPos": {
          "h": 6,
          "w": 5,
          "x": 14,
          "y": 0
        },
        "id": 19,
        "links": [],
        "pageSize": 10,
        "scroll": true,
        "showHeader": true,
        "sort": {
          "col": 0,
          "desc": true
        },
        "styles": [
          {
            "alias": "",
            "colorMode": null,
            "colors": [
              "rgba(245, 54, 54, 0.9)",
              "rgba(237, 129, 40, 0.89)",
              "rgba(50, 172, 45, 0.97)"
            ],
            "dateFormat": "YYYY-MM-DD HH:mm:ss",
            "decimals": 2,
            "mappingType": 1,
            "pattern": "Time",
            "thresholds": [],
            "type": "date",
            "unit": "short"
          },
          {
            "alias": "",
            "colorMode": "row",
            "colors": [
              "rgba(245, 54, 54, 0.9)",
              "#cca300",
              "rgba(50, 172, 45, 0.97)"
            ],
            "decimals": 2,
            "pattern": "/.*/",
            "thresholds": [
              "1"
            ],
            "type": "number",
            "unit": "short"
          }
        ],
        "targets": [
          {
            "expr": "sum by (kubernetes_pod_name, value) (delta(kube_pod_container_status_restarts_total[15m]) >0)",
            "format": "table",
            "instant": true,
            "interval": "15m",
            "intervalFactor": 1,
            "legendFormat": "",
            "refId": "A"
          }
        ],
        "title": "Restarted pods",
        "transform": "table",
        "type": "table"
      },
      {
        "aliasColors": {},
        "bars": false,
        "dashLength": 10,
        "dashes": false,
        "datasource": "$datasource",
        "fill": 3,
        "gridPos": {
          "h": 6,
          "w": 5,
          "x": 19,
          "y": 0
        },
        "id": 5,
        "legend": {
          "alignAsTable": true,
          "avg": false,
          "current": true,
          "max": true,
          "min": true,
          "show": false,
          "total": false,
          "values": true
        },
        "lines": true,
        "linewidth": 2,
        "links": [],
        "nullPointMode": "null as zero",
        "percentage": false,
        "pointradius": 5,
        "points": false,
        "renderer": "flot",
        "seriesOverrides": [],
        "spaceLength": 10,
        "stack": false,
        "steppedLine": false,
        "targets": [
          {
            "expr": "sum (kube_pod_status_phase{}) by (phase)",
            "format": "time_series",
            "hide": false,
            "interval": "",
            "intervalFactor": 2,
            "legendFormat": "{{ phase }}",
            "metric": "kube_pod_status_phase",
            "refId": "A",
            "step": 10
          }
        ],
        "thresholds": [],
        "timeFrom": null,
        "timeRegions": [],
        "timeShift": null,
        "title": "Pods Running Count",
        "tooltip": {
          "shared": true,
          "sort": 0,
          "value_type": "individual"
        },
        "type": "graph",
        "xaxis": {
          "buckets": null,
          "mode": "time",
          "name": null,
          "show": true,
          "values": []
        },
        "yaxes": [
          {
            "format": "short",
            "label": null,
            "logBase": 1,
            "max": null,
            "min": "0",
            "show": true
          },
          {
            "format": "short",
            "label": null,
            "logBase": 1,
            "max": null,
            "min": null,
            "show": true
          }
        ],
        "yaxis": {
          "align": false,
          "alignLevel": null
        }
      },
      {
        "aliasColors": {},
        "bars": false,
        "dashLength": 10,
        "dashes": false,
        "datasource": "$datasource",
        "editable": true,
        "error": false,
        "fill": 1,
        "grid": {
          "threshold1Color": "rgba(216, 200, 27, 0.27)",
          "threshold2Color": "rgba(234, 112, 112, 0.22)"
        },
        "gridPos": {
          "h": 6,
          "w": 10,
          "x": 0,
          "y": 6
        },
        "id": 17,
        "isNew": false,
        "legend": {
          "alignAsTable": false,
          "avg": true,
          "current": false,
          "hideEmpty": false,
          "hideZero": false,
          "max": false,
          "min": false,
          "rightSide": false,
          "show": true,
          "total": false,
          "values": true
        },
        "lines": true,
        "linewidth": 2,
        "links": [],
        "nullPointMode": "connected",
        "percentage": false,
        "pointradius": 5,
        "points": false,
        "renderer": "flot",
        "seriesOverrides": [
          {
            "alias": "read",
            "yaxis": 1
          },
          {
            "alias": "io_time",
            "yaxis": 2
          },
          {
            "alias": "written",
            "yaxis": 1
          }
        ],
        "spaceLength": 10,
        "stack": false,
        "steppedLine": false,
        "targets": [
          {
            "expr": "sum(rate(node_disk_read_bytes_total[5m]))",
            "format": "time_series",
            "hide": false,
            "interval": "15s",
            "intervalFactor": 4,
            "legendFormat": "read",
            "refId": "A",
            "step": 20,
            "target": ""
          },
          {
            "expr": "sum(rate(node_disk_written_bytes_total[5m]))",
            "format": "time_series",
            "interval": "15s",
            "intervalFactor": 4,
            "legendFormat": "written",
            "refId": "B",
            "step": 20
          },
          {
            "expr": "sum(rate(node_disk_io_time_seconds_total[5m]))",
            "format": "time_series",
            "instant": false,
            "interval": "15s",
            "intervalFactor": 4,
            "legendFormat": "io_time",
            "refId": "C"
          }
        ],
        "thresholds": [],
        "timeFrom": null,
        "timeRegions": [],
        "timeShift": null,
        "title": "Average disk I/O",
        "tooltip": {
          "msResolution": false,
          "shared": true,
          "sort": 0,
          "value_type": "cumulative"
        },
        "type": "graph",
        "xaxis": {
          "buckets": null,
          "mode": "time",
          "name": null,
          "show": true,
          "values": []
        },
        "yaxes": [
          {
            "format": "bytes",
            "logBase": 1,
            "show": true
          },
          {
            "format": "ms",
            "logBase": 1,
            "show": true
          }
        ],
        "yaxis": {
          "align": false,
          "alignLevel": null
        }
      },
      {
        "aliasColors": {},
        "bars": false,
        "dashLength": 10,
        "dashes": false,
        "datasource": "$datasource",
        "fill": 1,
        "gridPos": {
          "h": 6,
          "w": 7,
          "x": 10,
          "y": 6
        },
        "id": 23,
        "legend": {
          "avg": false,
          "current": false,
          "max": false,
          "min": false,
          "show": false,
          "total": false,
          "values": false
        },
        "lines": true,
        "linewidth": 1,
        "links": [],
        "nullPointMode": "null",
        "percentage": false,
        "pointradius": 5,
        "points": false,
        "renderer": "flot",
        "seriesOverrides": [],
        "spaceLength": 10,
        "stack": false,
        "steppedLine": false,
        "targets": [
          {
            "expr": "sum(rate(node_network_receive_bytes_total{device!~\"lo\"}[5m]))",
            "format": "time_series",
            "intervalFactor": 3,
            "legendFormat": "received",
            "refId": "A"
          }
        ],
        "thresholds": [],
        "timeFrom": null,
        "timeRegions": [],
        "timeShift": null,
        "title": "Average network traffic received",
        "tooltip": {
          "shared": true,
          "sort": 0,
          "value_type": "individual"
        },
        "type": "graph",
        "xaxis": {
          "buckets": null,
          "mode": "time",
          "name": null,
          "show": true,
          "values": []
        },
        "yaxes": [
          {
            "format": "decbytes",
            "label": null,
            "logBase": 1,
            "max": null,
            "min": null,
            "show": true
          },
          {
            "format": "decbytes",
            "label": null,
            "logBase": 1,
            "max": null,
            "min": null,
            "show": true
          }
        ],
        "yaxis": {
          "align": false,
          "alignLevel": null
        }
      },
      {
        "aliasColors": {},
        "bars": false,
        "dashLength": 10,
        "dashes": false,
        "datasource": "$datasource",
        "fill": 1,
        "gridPos": {
          "h": 6,
          "w": 7,
          "x": 17,
          "y": 6
        },
        "id": 25,
        "legend": {
          "avg": false,
          "current": false,
          "max": false,
          "min": false,
          "show": false,
          "total": false,
          "values": false
        },
        "lines": true,
        "linewidth": 1,
        "links": [],
        "nullPointMode": "null",
        "percentage": false,
        "pointradius": 5,
        "points": false,
        "renderer": "flot",
        "seriesOverrides": [],
        "spaceLength": 10,
        "stack": false,
        "steppedLine": false,
        "targets": [
          {
            "expr": "sum(rate(node_network_transmit_bytes_total{device!~\"lo\"}[5m]))",
            "format": "time_series",
            "intervalFactor": 3,
            "legendFormat": "transmitted",
            "refId": "A"
          }
        ],
        "thresholds": [],
        "timeFrom": null,
        "timeRegions": [],
        "timeShift": null,
        "title": "Average network traffic transmitted",
        "tooltip": {
          "shared": true,
          "sort": 0,
          "value_type": "individual"
        },
        "type": "graph",
        "xaxis": {
          "buckets": null,
          "mode": "time",
          "name": null,
          "show": true,
          "values": []
        },
        "yaxes": [
          {
            "format": "bytes",
            "label": null,
            "logBase": 1,
            "max": null,
            "min": null,
            "show": true
          },
          {
            "format": "bytes",
            "label": null,
            "logBase": 1,
            "max": null,
            "min": null,
            "show": true
          }
        ],
        "yaxis": {
          "align": false,
          "alignLevel": null
        }
      },
      {
        "aliasColors": {},
        "bars": false,
        "dashLength": 10,
        "dashes": false,
        "datasource": "$datasource",
        "description": "some ref: https://blog.freshtracks.io/a-deep-dive-into-kubernetes-metrics-part-2-c869581e9f29",
        "editable": true,
        "error": false,
        "fill": 1,
        "grid": {
          "threshold1Color": "rgba(216, 200, 27, 0.27)",
          "threshold2Color": "rgba(234, 112, 112, 0.22)"
        },
        "gridPos": {
          "h": 6,
          "w": 12,
          "x": 0,
          "y": 12
        },
        "id": 3,
        "isNew": false,
        "legend": {
          "alignAsTable": false,
          "avg": false,
          "current": false,
          "hideEmpty": false,
          "hideZero": false,
          "max": false,
          "min": false,
          "rightSide": false,
          "show": true,
          "total": false,
          "values": false
        },
        "lines": true,
        "linewidth": 2,
        "links": [],
        "nullPointMode": "connected",
        "percentage": false,
        "pointradius": 5,
        "points": false,
        "renderer": "flot",
        "seriesOverrides": [],
        "spaceLength": 10,
        "stack": false,
        "steppedLine": false,
        "targets": [
          {
            "expr": "sum(node_load1) by (node) / count(node_cpu_seconds_total{mode=\"system\"}) by (node)",
            "format": "time_series",
            "hide": false,
            "intervalFactor": 2,
            "legendFormat": "load 1m",
            "refId": "A",
            "step": 20,
            "target": ""
          },
          {
            "expr": "sum(node_load5) by (node) / count(node_cpu_seconds_total{mode=\"system\"}) by (node)",
            "format": "time_series",
            "hide": false,
            "intervalFactor": 4,
            "legendFormat": "load 5m",
            "refId": "B",
            "step": 20,
            "target": ""
          },
          {
            "expr": "sum(node_load5) by (node) / count(node_cpu_seconds_total{mode=\"system\"}) by (node)",
            "format": "time_series",
            "hide": false,
            "intervalFactor": 4,
            "legendFormat": "load 15m",
            "refId": "C",
            "step": 20,
            "target": ""
          }
        ],
        "thresholds": [],
        "timeFrom": null,
        "timeRegions": [],
        "timeShift": null,
        "title": "Average cluster system load",
        "tooltip": {
          "msResolution": false,
          "shared": true,
          "sort": 0,
          "value_type": "cumulative"
        },
        "type": "graph",
        "xaxis": {
          "buckets": null,
          "mode": "time",
          "name": null,
          "show": true,
          "values": []
        },
        "yaxes": [
          {
            "format": "percentunit",
            "logBase": 1,
            "show": true
          },
          {
            "format": "short",
            "logBase": 1,
            "show": true
          }
        ],
        "yaxis": {
          "align": false,
          "alignLevel": null
        }
      },
      {
        "aliasColors": {},
        "bars": false,
        "dashLength": 10,
        "dashes": false,
        "datasource": "$datasource",
        "description": "This represents the total [memory resource requests](https://kubernetes.io/docs/concepts/configuration/manage-compute-resources-container/#meaning-of-memory) in the cluster.\nFor comparison the total [allocatable memory](https://github.com/kubernetes/community/blob/master/contributors/design-proposals/node-allocatable.md) is also shown.",
        "editable": true,
        "error": false,
        "fill": 1,
        "grid": {
          "threshold1Color": "rgba(216, 200, 27, 0.27)",
          "threshold2Color": "rgba(234, 112, 112, 0.22)"
        },
        "gridPos": {
          "h": 6,
          "w": 12,
          "x": 12,
          "y": 12
        },
        "id": 7,
        "isNew": false,
        "legend": {
          "alignAsTable": false,
          "avg": false,
          "current": false,
          "hideEmpty": false,
          "hideZero": false,
          "max": false,
          "min": false,
          "rightSide": false,
          "show": true,
          "total": false,
          "values": false
        },
        "lines": true,
        "linewidth": 3,
        "links": [],
        "nullPointMode": "null",
        "percentage": false,
        "pointradius": 5,
        "points": false,
        "renderer": "flot",
        "seriesOverrides": [],
        "spaceLength": 10,
        "stack": false,
        "steppedLine": false,
        "targets": [
          {
            "expr": "min(sum(kube_node_status_allocatable_memory_bytes) by (instance))",
            "format": "time_series",
            "hide": false,
            "intervalFactor": 1,
            "legendFormat": "Allocatable",
            "refId": "A",
            "step": 20
          },
          {
            "expr": "max(sum(kube_pod_container_resource_requests_memory_bytes) by (instance))",
            "format": "time_series",
            "hide": false,
            "intervalFactor": 1,
            "legendFormat": "Requested",
            "refId": "B",
            "step": 20
          },
          {
            "expr": "max(sum(kube_pod_container_resource_limits_memory_bytes) by (instance))",
            "format": "time_series",
            "hide": true,
            "intervalFactor": 1,
            "legendFormat": "Limit",
            "refId": "C"
          },
          {
            "expr": "sum(node_memory_MemTotal_bytes) - sum(node_memory_MemFree_bytes) - sum(node_memory_Buffers_bytes) - sum(node_memory_Cached_bytes)",
            "format": "time_series",
            "intervalFactor": 1,
            "legendFormat": "Usage",
            "refId": "D"
          }
        ],
        "thresholds": [],
        "timeFrom": null,
        "timeRegions": [],
        "timeShift": null,
        "title": "Cluster memory",
        "tooltip": {
          "msResolution": false,
          "shared": true,
          "sort": 0,
          "value_type": "individual"
        },
        "type": "graph",
        "xaxis": {
          "buckets": null,
          "mode": "time",
          "name": null,
          "show": true,
          "values": []
        },
        "yaxes": [
          {
            "format": "bytes",
            "label": "Memory",
            "logBase": 1,
            "max": null,
            "min": "0",
            "show": true
          },
          {
            "format": "short",
            "logBase": 1,
            "show": true
          }
        ],
        "yaxis": {
          "align": false,
          "alignLevel": null
        }
      },
      {
        "aliasColors": {},
        "bars": false,
        "dashLength": 10,
        "dashes": false,
        "datasource": "$datasource",
        "fill": 1,
        "gridPos": {
          "h": 6,
          "w": 9,
          "x": 0,
          "y": 18
        },
        "height": "300px",
        "id": 10,
        "legend": {
          "alignAsTable": true,
          "avg": false,
          "current": true,
          "max": false,
          "min": false,
          "show": true,
          "total": false,
          "values": true
        },
        "lines": true,
        "linewidth": 1,
        "links": [],
        "nullPointMode": "null",
        "percentage": false,
        "pointradius": 5,
        "points": false,
        "renderer": "flot",
        "seriesOverrides": [],
        "spaceLength": 10,
        "stack": false,
        "steppedLine": false,
        "targets": [
          {
            "expr": "topk(5,sum(container_memory_usage_bytes{image!=\"\"}) by (pod_name))",
            "format": "time_series",
            "intervalFactor": 2,
            "legendFormat": "{{pod_name}}",
            "refId": "A",
            "step": 10
          }
        ],
        "thresholds": [],
        "timeFrom": null,
        "timeRegions": [],
        "timeShift": null,
        "title": "Top 5 Memory Intense Pods",
        "tooltip": {
          "shared": true,
          "sort": 0,
          "value_type": "individual"
        },
        "type": "graph",
        "xaxis": {
          "buckets": null,
          "mode": "time",
          "name": null,
          "show": true,
          "values": []
        },
        "yaxes": [
          {
            "format": "bytes",
            "label": null,
            "logBase": 1,
            "max": null,
            "min": null,
            "show": true
          },
          {
            "format": "short",
            "label": null,
            "logBase": 1,
            "max": null,
            "min": null,
            "show": true
          }
        ],
        "yaxis": {
          "align": false,
          "alignLevel": null
        }
      },
      {
        "aliasColors": {},
        "bars": false,
        "dashLength": 10,
        "dashes": false,
        "datasource": "$datasource",
        "fill": 0,
        "gridPos": {
          "h": 6,
          "w": 15,
          "x": 9,
          "y": 18
        },
        "height": "230px",
        "id": 6,
        "legend": {
          "alignAsTable": true,
          "avg": false,
          "current": false,
          "hideEmpty": false,
          "max": true,
          "min": true,
          "rightSide": true,
          "show": true,
          "total": false,
          "values": true
        },
        "lines": true,
        "linewidth": 1,
        "links": [],
        "nullPointMode": "null",
        "percentage": false,
        "pointradius": 5,
        "points": false,
        "renderer": "flot",
        "seriesOverrides": [],
        "spaceLength": 10,
        "stack": false,
        "steppedLine": false,
        "targets": [
          {
            "expr": "topk(5, sum(rate(container_cpu_usage_seconds_total{image!=\"\",name=~\"^k8s_.*\",container_name!=\"POD\"}[2m])) by (pod_name, container_name))",
            "format": "time_series",
            "interval": "",
            "intervalFactor": 2,
            "legendFormat": "{{ container_name }} in {{ pod_name }}",
            "metric": "container_cpu_usage_seconds_total",
            "refId": "A",
            "step": 4
          }
        ],
        "thresholds": [],
        "timeFrom": null,
        "timeRegions": [],
        "timeShift": null,
        "title": "TOP CPU Containers",
        "tooltip": {
          "shared": true,
          "sort": 0,
          "value_type": "individual"
        },
        "type": "graph",
        "xaxis": {
          "buckets": null,
          "mode": "time",
          "name": null,
          "show": true,
          "values": []
        },
        "yaxes": [
          {
            "format": "short",
            "label": null,
            "logBase": 1,
            "max": null,
            "min": null,
            "show": true
          },
          {
            "format": "short",
            "label": null,
            "logBase": 1,
            "max": null,
            "min": null,
            "show": true
          }
        ],
        "yaxis": {
          "align": false,
          "alignLevel": null
        }
      }
    ],
    "refresh": "30s",
    "schemaVersion": 16,
    "style": "dark",
    "tags": [
      "kubernetes",
      "capacity"
    ],
    "templating": {
      "list": [
        {
          "hide": 0,
          "label": null,
          "name": "datasource",
          "options": [],
          "query": "prometheus",
          "refresh": 1,
          "regex": "",
          "skipUrlSync": false,
          "type": "datasource"
        }
      ]
    },
    "time": {
      "from": "now-30m",
      "to": "now"
    },
    "timepicker": {
      "refresh_intervals": [
        "5s",
        "10s",
        "30s",
        "1m",
        "5m",
        "15m",
        "30m",
        "1h",
        "2h",
        "1d"
      ],
      "time_options": [
        "5m",
        "15m",
        "1h",
        "6h",
        "12h",
        "24h",
        "2d",
        "7d",
        "30d"
      ]
    },
    "timezone": "",
    "title": "Kubernetes cluster capacity",
    "uid": "os6Bh8Omk",
    "version": 4
  }